Dataset,Samples,Model,Accuracy_Mean,Accuracy_Std,Precision_Mean,Precision_Std,Recall_Mean,Recall_Std,F1_Mean,F1_Std,ROC_AUC_Mean,ROC_AUC_Std
Adult,10,CatBoost,0.762657385607534,0.04348952295005049,0.5674775340238705,0.2812304919061023,0.14217279726261758,0.11793433890085861,0.21404899832336072,0.15057843218067368,0.7122340589022084,0.12999586722508116
Adult,10,LightGBM,0.7606715119254785,0.0,0.0,0.0,0.0,0.0,0.0,0.0,0.5,0.0
Adult,10,TabPFN,0.7525847067253557,0.04193627611079726,0.4991880533710856,0.3442384898904125,0.1500427715996578,0.15968403113631327,0.1869070963349248,0.17422280687406533,0.7003607296048655,0.12008088835804914
Adult,10,XGBoost,0.7606715119254785,0.0,0.0,0.0,0.0,0.0,0.0,0.0,0.5,0.0
Adult,20,CatBoost,0.7807145050670489,0.01814777819807324,0.6040735364534694,0.09825451639987423,0.28665526090675786,0.16952435979155095,0.36051750519096465,0.15352849854864098,0.7580067789906086,0.05625612957373798
Adult,20,LightGBM,0.7606715119254785,0.0,0.0,0.0,0.0,0.0,0.0,0.0,0.5,0.0
Adult,20,TabPFN,0.760712457774593,0.036620834712875715,0.5292806308059215,0.11134011834951615,0.23977758768177931,0.15359965696013686,0.2971878438686974,0.17857278105605087,0.7201246045886196,0.0824991141522414
Adult,20,XGBoost,0.766403930801515,0.026720500053049098,0.5138276724405352,0.10753233133639056,0.30153977758768175,0.1936573624365833,0.35276505098266353,0.17047776887606475,0.7541134237666889,0.07406911193382816
Adult,35,CatBoost,0.7940423789538336,0.022225031043778178,0.7074996883071304,0.08372541050650444,0.23669803250641572,0.16341734731760346,0.3316783883560091,0.1680774465141339,0.8163466250496872,0.029397317995967835
Adult,35,LightGBM,0.7606715119254785,0.0,0.0,0.0,0.0,0.0,0.0,0.0,0.5,0.0
Adult,35,TabPFN,0.7915856280069609,0.03008588386958346,0.6431792416439195,0.3824832842283208,0.22035928143712571,0.2318949361334942,0.2797645475267377,0.27580311503229266,0.8189084026997623,0.03693410898511607
Adult,35,XGBoost,0.7662606203296141,0.022432641303513672,0.5243195910191097,0.09771035019533374,0.3911890504704876,0.177942346324021,0.42778791023521895,0.12171551945426096,0.7473009111829977,0.08047442512493072
Adult,50,CatBoost,0.8057119459514791,0.008026652827605072,0.7100153564123575,0.07842333252843824,0.36655260906757914,0.1733419009979153,0.4568254023488848,0.10583640931078092,0.8227974237809633,0.03916808492104623
Adult,50,LightGBM,0.7711945951479169,0.015865757034249372,0.53886106879078,0.04699793149757785,0.37313943541488453,0.12277557694686657,0.4295427609359507,0.08194235289862103,0.7682503267298956,0.032716574519810415
Adult,50,TabPFN,0.8076568737844202,0.012658286905675494,0.689221163777768,0.06596823329119265,0.40290846877673225,0.19072560821170265,0.4818554913190397,0.11191990549102392,0.8428826699792641,0.027661716185113497
Adult,50,XGBoost,0.7849933462995189,0.019970364604736054,0.5847807699558152,0.08297079140845655,0.4485885372112917,0.17323538077734743,0.4861002936659772,0.09370638000064313,0.7920919968702078,0.036353411720077534
Adult,75,CatBoost,0.8136349677551438,0.00927165840321947,0.6909128971035937,0.07387174723939947,0.42403763900769886,0.09623020607372043,0.516073288656688,0.06171715055709772,0.840631488623192,0.03182442138734974
Adult,75,LightGBM,0.7782782270447334,0.01853082426058921,0.5530770221179212,0.05922120578405904,0.49076133447390935,0.12217997736162466,0.5080362807356696,0.06392264972786672,0.7905248963403143,0.053700951892021655
Adult,75,TabPFN,0.8172177295526666,0.018272672965969655,0.6747096899180179,0.0767136995949483,0.4852865697177074,0.14037512595028337,0.5495195469378433,0.09951072227208693,0.851332613623897,0.029450433805343002
Adult,75,XGBoost,0.7815743678984542,0.01969999120482905,0.5680299838159942,0.08698111975844013,0.4555175363558597,0.12025781191135727,0.49344489965622723,0.06564873581408756,0.7902558398975739,0.04111124460617785
Adult,100,CatBoost,0.8197154263486539,0.014776608975525601,0.6982165764948789,0.0850874059905162,0.4643284858853721,0.0832677475774331,0.5488746191913637,0.050306636612224835,0.8590712283259767,0.01441135220690067
Adult,100,LightGBM,0.7842358480908997,0.021713898810622953,0.5720738278299269,0.07070777398558717,0.4654405474764756,0.11910734770765906,0.5012017160687899,0.07803507498745456,0.7925524865834397,0.051683299972370554
Adult,100,TabPFN,0.8173815129491249,0.015297946800263213,0.6711618249207619,0.08337156477486903,0.5144568006843456,0.13049943794173616,0.5658925104694654,0.08167024641763015,0.8619097291891791,0.020919417472773108
Adult,100,XGBoost,0.7896816460231344,0.01969629412092455,0.5895108634625813,0.07780852953747992,0.4733105218135158,0.12612277942147315,0.5110071069843178,0.07751476534657303,0.7985872594162273,0.04726452531872195
Adult,150,CatBoost,0.8297471593817176,0.007953342537971227,0.7067371036042873,0.07705317174495432,0.5194183062446535,0.08117290147017978,0.5910027617153026,0.03315162301795976,0.8724493915450718,0.0059462537171441395
Adult,150,LightGBM,0.7971337905619819,0.012663749199884368,0.5965178793938554,0.04666984645542706,0.5056458511548332,0.0965754874765365,0.5398849435203363,0.054310538443486,0.8125237154734881,0.03145045562700488
Adult,150,TabPFN,0.827065206264715,0.010797793839887595,0.6798509958905079,0.0741706945443628,0.5593669803250642,0.08915565280020396,0.6051320011836931,0.029284402965012828,0.8693438315133963,0.012296947409991009
Adult,150,XGBoost,0.8049749206674172,0.01608678855622266,0.624842239096105,0.0748967089279474,0.5132591958939264,0.08307000059914922,0.5549984075442541,0.03612833220380654,0.8347914932002309,0.015279293262983759
Adult,250,CatBoost,0.8397379465656669,0.003989332036576852,0.7381932350398327,0.05195121746337002,0.5220701454234389,0.05919008362629902,0.6076925576076277,0.02982682678074376,0.8880727270299358,0.003529290794552523
Adult,250,LightGBM,0.8118947691677756,0.007021347596317018,0.6358878813965878,0.030562492171638287,0.5076133447390933,0.03991463463334294,0.5630470880932397,0.020911165984346853,0.8481842704808965,0.009302575042051897
Adult,250,TabPFN,0.8350905926911659,0.0061529568746642215,0.7021676779280756,0.04296972501865593,0.5497005988023952,0.05703829761224845,0.6134702066857993,0.027407995327843937,0.8860939347442722,0.005744058216934244
Adult,250,XGBoost,0.8174634046473539,0.006235593741938395,0.6479270143723761,0.019197073619491523,0.5219846022241231,0.043733411622481164,0.5770792570322036,0.02608288762426951,0.8553515208466509,0.0070032460645561906
Adult,500,CatBoost,0.8483775207288362,0.0009935170894504132,0.7378022948053998,0.021327904371081178,0.5706586826347305,0.028402725430009823,0.642771978061466,0.010290348969102251,0.8967675123252544,0.001997568995785841
Adult,500,LightGBM,0.8279864878697923,0.0049138217727793514,0.6674316711340053,0.018896064762128028,0.563130881094953,0.03288076286437582,0.6101008003915102,0.015992344860023804,0.8707514033585749,0.006466366369477332
Adult,500,TabPFN,0.8439144231753506,0.003308610835881751,0.714090813781364,0.031325357937786645,0.5856287425149701,0.048088480602067975,0.6415438871137299,0.019695951522925834,0.8954746830233645,0.003218852357471039
Adult,500,XGBoost,0.8269628416419286,0.005897126325152672,0.6604899339298147,0.012182964100035838,0.5701454234388367,0.03467402600429639,0.6115619900280533,0.02150572556262355,0.8686966743599139,0.005444795517133737
Adult,750,CatBoost,0.8513051489405262,0.0008208340750017011,0.7481578040143122,0.018697530035014107,0.5723695466210436,0.023985297164834357,0.6479962792230525,0.008819016451692184,0.901003938256482,0.003012886436608514
Adult,750,LightGBM,0.8376701811853824,0.001817368493902905,0.688197977680946,0.010048118928487306,0.5890504704875962,0.021497569347115955,0.6344716705760377,0.009443292134874704,0.8799396592937893,0.0016289103806522306
Adult,750,TabPFN,0.8476814412938888,0.0020840693081689604,0.7264213547342248,0.017013930876988038,0.5848588537211291,0.03016929277582783,0.6473091749515758,0.013135262521257475,0.8987969962376419,0.002497846102001295
Adult,750,XGBoost,0.8348039717473641,0.0011034507505957105,0.6766715633004787,0.006208074002190685,0.5937553464499572,0.02248134844979177,0.6322309652873483,0.01026007863455426,0.87485999222502,0.002468532363996574
Adult,1000,CatBoost,0.8527791995086498,0.0011385044703367264,0.7463262734876416,0.014822355954297314,0.5839178785286568,0.01636370078090701,0.6549132634598186,0.004833045192064971,0.9029006638663384,0.002330755615189575
Adult,1000,LightGBM,0.8363189681646024,0.0016185267991444367,0.6815690301880116,0.009281898573967618,0.5940119760479042,0.0207241531557611,0.6345070377332653,0.008881063637068934,0.8832272590754819,0.0020194573790697735
Adult,1000,TabPFN,0.846944416009827,0.0033149388723333942,0.7261442503441329,0.008007766330345872,0.5792985457656117,0.0299807252451041,0.6439909429220736,0.016808126352016835,0.9002820128242277,0.0016125985929187224
Adult,1000,XGBoost,0.8371174122223358,0.0035248228918712578,0.6839582079096591,0.017557749854137293,0.5954662104362703,0.016513936827350938,0.6363095499880022,0.004387545371037312,0.8810246742226949,0.003894598754065661
Adult,1500,CatBoost,0.8551335858327362,0.0006409039141160098,0.754620784391301,0.012921292540735116,0.5857142857142856,0.02129493098554927,0.6591584509725527,0.008551635503573116,0.906375005914119,0.0018875067304110964
Adult,1500,LightGBM,0.8415395639267069,0.00223098523059715,0.6950364891082442,0.012886737397532709,0.602994011976048,0.015068720469647228,0.6455205270803374,0.004737248425313272,0.8892502382051746,0.003041549758948096
Adult,1500,TabPFN,0.851673661582557,0.0016265993020852748,0.7405681730085343,0.01628747906508054,0.5863986313088109,0.018616704185475078,0.6541618936940548,0.005624517716574545,0.9043705080754922,0.0018898098335817005
Adult,1500,XGBoost,0.8401883509059269,0.0036389147649977865,0.6885648256298499,0.013665288451626727,0.6073567151411462,0.010406779350381914,0.6452820959714476,0.005794153022854011,0.8859473912202127,0.0037714296122419496
Adult,2000,CatBoost,0.8578155389497389,0.0018777701226168476,0.7612417675599443,0.012440082616129916,0.5919589392643284,0.016222225208308717,0.6657815873775325,0.007248138686360062,0.9090803282989359,0.0016616744724804052
Adult,2000,LightGBM,0.8460640802538641,0.0025890358599380686,0.7077977969147241,0.010837642402443289,0.6081266039349872,0.01221202201864359,0.654061759990958,0.005988227202219198,0.8953134103210616,0.0029596108331707417
Adult,2000,TabPFN,0.8543351417750026,0.0025734067130671625,0.7459649734450062,0.012313689484872117,0.593840889649273,0.007654802014773542,0.6611767365099046,0.004304703526043669,0.9062952933742642,0.002272008689759255
Adult,2000,XGBoost,0.842071859965196,0.002289400293154732,0.6948180116869761,0.009759272151301814,0.606928999144568,0.008419597812245279,0.6478216205115729,0.0036203056028376156,0.8897609763459414,0.0036677841843323084
Adult,3000,CatBoost,0.8606612754631999,0.0018173684939029344,0.7661687604262358,0.0162094895641111,0.6023096663815227,0.02116092203559046,0.6740278405627698,0.008397302777068922,0.9111887937603079,0.0018973301922800782
Adult,3000,LightGBM,0.8510799467703961,0.0022267540884313413,0.7230531547105895,0.011512091193071321,0.6130881094952951,0.023957059854661157,0.6631814790953249,0.01066758368780815,0.9030950095886432,0.0023603807074791504
Adult,3000,TabPFN,0.8565462176271881,0.002405677531549678,0.7434008596605748,0.013415497268788022,0.6123182207014543,0.009900493610117024,0.6713817285997545,0.003513253758075867,0.908425268385888,0.0015965717934235603
Adult,3000,XGBoost,0.8491554918620124,0.002745395519319854,0.7116567793365796,0.01139116985590466,0.6222412318220701,0.02066669522117569,0.663684543944578,0.009524967294475427,0.8975088579401552,0.003957299431651174
Adult,4000,CatBoost,0.8622991094277817,0.003180230123978087,0.7643587249194121,0.011879255897757245,0.6142001710863986,0.013103057041950727,0.680982433389232,0.008217992461591715,0.9136306083259974,0.0016829983524132425
Adult,4000,LightGBM,0.854969802436278,0.004461618186462267,0.7296711679926926,0.01628279366679752,0.6266894781864842,0.019028315091051202,0.6740184307737067,0.010704260879458081,0.9068048227899699,0.0031945922422340033
Adult,4000,TabPFN,0.8572627699866926,0.002488113191101528,0.7460773700442745,0.008786286731979719,0.6120615911035072,0.014111387242364085,0.6723403929658003,0.007838500097401693,0.9097692325136911,0.0011140966132702826
Adult,4000,XGBoost,0.8501586651653188,0.0034153600116518332,0.7138107210052341,0.010656931360951654,0.6245508982035928,0.01796763580272787,0.6660331693012358,0.009893797732926847,0.9017824320215905,0.003906572813326453
Adult,6000,CatBoost,0.8662708567918926,0.0007187425399341501,0.7718716788369082,0.006216409539708282,0.626518391787853,0.010009833730454446,0.6915648968892875,0.004021447094279437,0.9181897178018378,0.0005156498205939079
Adult,6000,LightGBM,0.8591462790459617,0.0021214435229872644,0.7381751718363467,0.009735248886149506,0.6379811804961506,0.012686664994659752,0.6843098599965948,0.0056200320039517995,0.913573544991452,0.0024567366281086664
Adult,6000,TabPFN,0.8594943187634353,0.0016907214922356566,0.7504216337336962,0.0077754212507272,0.6189050470487596,0.011795194382495908,0.6782515236952517,0.005678317919079837,0.91220555025827,0.0014264294309072963
Adult,6000,XGBoost,0.8549288565871634,0.0020883386599037865,0.7260935364723353,0.008258126838971586,0.63267750213858,0.011962291989864695,0.6760787766149268,0.005779422048269483,0.9082063394981764,0.002596655980798018
Adult,8000,CatBoost,0.8671716654724128,0.0010302784432458714,0.7746300002150877,0.0029403380803584506,0.6276304533789563,0.008330036694720417,0.6933891836369985,0.004337302820384739,0.9204470003415512,0.0003798797094805953
Adult,8000,LightGBM,0.8631589722591873,0.0007570831031671493,0.7520235843490573,0.007938014417017808,0.6391787852865697,0.00981233073604548,0.6909340357756838,0.002572318263322467,0.9169324940867444,0.0025554862858286386
Adult,8000,TabPFN,0.8596581021598937,0.0012723720846203365,0.7514902717910612,0.006145155455625148,0.6180496150556031,0.0034083356395443187,0.6782471344213209,0.0017214876696397374,0.9127878506784806,0.0009935854904984656
Adult,8000,XGBoost,0.8573856075340363,0.003922983105565013,0.733583091772992,0.011494261556992413,0.6348160821214713,0.01388398012164341,0.6805407172608904,0.009471229695821318,0.9109986037498794,0.002702188935770671
Adult,12000,CatBoost,0.8705087521752481,0.0014385780860431058,0.7822893573183881,0.0037903264005959736,0.6359281437125748,0.005337031910116014,0.7015454733787514,0.003833658779128658,0.9230251590941192,0.0008324096211673112
Adult,12000,LightGBM,0.8656566690551746,0.001012323498010155,0.7573862220165056,0.006667115433152206,0.6455945252352439,0.00916650365372229,0.6969685796739077,0.0033768363532309578,0.9207374224387029,0.0012646034391024029
Adult,12000,TabPFN,0.8607841130105436,0.0013941896275848499,0.7544095034451577,0.005243692359887114,0.6202737382378101,0.00542204891883512,0.6807757360515476,0.0033563499464153795,0.9141423594934821,0.000597540845411395
Adult,12000,XGBoost,0.8620329614085372,0.0016012785094287325,0.7455638078576428,0.0038825956327781293,0.6429426860564585,0.004323952765132646,0.6904572284821793,0.0037789760196416137,0.9155318695327495,0.0016944246135318704
Adult,16000,CatBoost,0.8719623298188146,0.0014681385291683785,0.783546031932085,0.0014742298629630511,0.6425149700598801,0.008927899095179173,0.7060269487040373,0.005231000346923362,0.9249871846364368,0.00040672471188831904
Adult,16000,LightGBM,0.8691370662299109,0.001972478894723542,0.7666685848234369,0.005747532848413482,0.6515825491873397,0.011318726249113897,0.704393276683421,0.006233704666922657,0.92293762437637,0.0015216700222727773
Adult,16000,TabPFN,0.8614392465963763,0.0010967833134182792,0.755371982906185,0.0025884104906841827,0.622754491017964,0.009037872801161423,0.6826423806731645,0.0047833211335135545,0.914775161597907,0.0005116470490371233
Adult,16000,XGBoost,0.864346401883509,0.0018188093634655864,0.7480868492275358,0.005737367855122611,0.653207869974337,0.007981230923386323,0.6974012772415306,0.004716559075504411,0.9188991876101305,0.0013978779696543083
Adult,24000,CatBoost,0.8732111782168083,0.0008303531493775425,0.787058630253522,0.0018062638073610886,0.6446535500427716,0.005405152495953468,0.7087608315168347,0.0029753561527079975,0.9268487766378541,0.0010050895816956598
Adult,24000,LightGBM,0.8727198280274336,0.0012879243310514087,0.7800272417364162,0.0038001236548383588,0.6520958083832336,0.006261329784487726,0.7103283236481972,0.003704720438223054,0.9262718233870801,0.0009747905704589956
Adult,24000,TabPFN,0.862176271880438,0.0008397643280578922,0.7589073239850013,0.003911954161203981,0.6216424294268605,0.004956709873675991,0.6834320403647179,0.002435351345825811,0.9162691400174449,0.000350269369422433
Adult,24000,XGBoost,0.8679905824547036,0.0020582672367965914,0.7612439455707382,0.006462259975978398,0.6533789563729684,0.003151776463120718,0.7031913038038706,0.0039830361296569715,0.9221456964955838,0.001054171219274616
Adult,32000,CatBoost,0.8749718497287338,0.0012612052681962285,0.792166821239914,0.004502322789568825,0.6474764756201882,0.001186863723311538,0.7125475606508695,0.0023604090941774262,0.9283971822201377,0.00039997143654843157
Adult,32000,LightGBM,0.8741529327464429,0.0008112033066294977,0.7841225333871257,0.002780005301433193,0.6543199315654405,0.0038423087564543467,0.7133562029884775,0.002221158333709944,0.9278697176268604,0.0005933052206795302
Adult,32000,TabPFN,0.8630156617872864,0.0004930533147217725,0.7620349710148604,0.0016268109446314343,0.6218135158254918,0.0029848325615685154,0.6848152169036117,0.0016450853074478217,0.917265900749398,0.00024714490143671426
Adult,32000,XGBoost,0.8710615211382946,0.001353382649690941,0.7695934502513139,0.005091901635380481,0.658426005132592,0.00728122889261477,0.7096500155834139,0.0037636145374730294,0.9253783971361734,0.0007156300023861912
Bank Marketing,10,CatBoost,0.8824947473183679,0.00025458065759642503,0.2941106719367589,0.07785660570910448,0.0037807183364838596,0.0031348060400334626,0.00743311172524958,0.00612512885872817,0.6217244171195282,0.08726928970203209
Bank Marketing,10,LightGBM,0.8830034280659074,0.0,0.0,0.0,0.0,0.0,0.0,0.0,0.5,0.0
Bank Marketing,10,TabPFN,0.8664381289395113,0.02141032097588074,0.31451080667782894,0.3967747666196774,0.03270321361058598,0.030638984319132728,0.04835881572552171,0.04321747822272539,0.6162906820799396,0.11081744629063042
Bank Marketing,10,XGBoost,0.8830034280659074,0.0,0.0,0.0,0.0,0.0,0.0,0.0,0.5,0.0
Bank Marketing,20,CatBoost,0.8831140108371116,0.0006006181848501588,0.4286363636363636,0.30254051326578696,0.0090737240075614,0.009154102089076193,0.01760796749832372,0.0176351503019943,0.6833568257117255,0.04533902950556552
Bank Marketing,20,LightGBM,0.8830034280659074,0.0,0.0,0.0,0.0,0.0,0.0,0.0,0.5,0.0
Bank Marketing,20,TabPFN,0.8826274466438129,0.0008407200180802343,0.06666666666666667,0.14907119849998599,0.00321361058601134,0.0071858517235342916,0.00613165013525698,0.013710786516680387,0.7092472653711531,0.07031760420888641
Bank Marketing,20,XGBoost,0.8830034280659074,0.0,0.0,0.0,0.0,0.0,0.0,0.0,0.5,0.0
Bank Marketing,35,CatBoost,0.8852814331527148,0.0033981493628022375,0.6293480790519801,0.1067023639853738,0.037429111531190884,0.04459705446172583,0.06743729937486376,0.0761713413314422,0.7199164075363425,0.04718107364412194
Bank Marketing,35,LightGBM,0.8830034280659074,0.0,0.0,0.0,0.0,0.0,0.0,0.0,0.5,0.0
Bank Marketing,35,TabPFN,0.8832688267167976,0.0009138981980048309,0.35491270233971867,0.333172211673126,0.021172022684309982,0.025612448396695308,0.038825771308404144,0.04531248858583721,0.7583264935553785,0.0642759284517606
Bank Marketing,35,XGBoost,0.861351321464116,0.02316404208269216,0.2957821988828197,0.18412408923563334,0.09886578449905478,0.05161234450977589,0.13949151465335283,0.06688265131383304,0.6525892830721118,0.11575676346570903
Bank Marketing,50,CatBoost,0.8876700210107267,0.004770079837771357,0.6242045061697393,0.13538228724682128,0.0809073724007561,0.07041302438993684,0.13640802487910483,0.10814797163786048,0.7636467241862992,0.022747874037265397
Bank Marketing,50,LightGBM,0.873073095211766,0.0044518321879628625,0.31452195233664926,0.0661014511929182,0.07939508506616254,0.042348897575084796,0.12391870271654759,0.059541115341257445,0.7441548011216683,0.03137568725127526
Bank Marketing,50,TabPFN,0.8843525378745992,0.005083440798684844,0.41201370301050205,0.24559779886529934,0.10756143667296784,0.09067174305926126,0.16480818169306571,0.13012882065463643,0.7790470790577324,0.050387799217049285
Bank Marketing,50,XGBoost,0.8648457370341701,0.009186160790354935,0.3145994204581933,0.09156826265779344,0.13950850661625708,0.07085569500734981,0.18956371963818086,0.08052360393281689,0.7011103759056737,0.0447903535922352
Bank Marketing,75,CatBoost,0.8865199601902024,0.004676879954631472,0.5913363799011209,0.13064296715092935,0.0869565217391304,0.0667774560267351,0.14516134305846515,0.10006176673108161,0.7789830175435274,0.035325265132372566
Bank Marketing,75,LightGBM,0.8554904345902908,0.007296535824055774,0.2742282010248748,0.040187699563955785,0.14820415879017007,0.05081340298110615,0.1899248085204342,0.05501011905196405,0.712772222965319,0.03365952862780019
Bank Marketing,75,TabPFN,0.8855247152493642,0.005813436304378335,0.5297395548977838,0.10528947378476007,0.1589792060491493,0.10894276176587356,0.22966581216816903,0.1254427791689749,0.8013632721087388,0.03900587813342758
Bank Marketing,75,XGBoost,0.8736923587305098,0.010510134700432295,0.4097357700449571,0.10905137916393247,0.16313799621928163,0.03975713413628886,0.23157045962843217,0.05276009672500776,0.7419087774454228,0.05084871390861251
Bank Marketing,100,CatBoost,0.8885325666261197,0.005363549402975917,0.6169135996766087,0.11451498539535382,0.1145557655954631,0.08812602228652937,0.18166546374738435,0.13256479781930872,0.8279190779497949,0.019997162965525492
Bank Marketing,100,LightGBM,0.8640937741899812,0.008379153640584516,0.3663158962959385,0.05776615807995128,0.22060491493383738,0.03773977923410552,0.2748741770293589,0.044296581648058254,0.7599318665787578,0.039007169219462574
Bank Marketing,100,TabPFN,0.8890191308194183,0.005022454725496137,0.6087086999657357,0.06193280796254483,0.1918714555765595,0.11548029170050784,0.27154756035026406,0.12373007301552286,0.8476686319931156,0.029623105362185986
Bank Marketing,100,XGBoost,0.8744664381289393,0.01038636573816783,0.4328616121819603,0.07649665894841912,0.2374291115311909,0.06198461481642491,0.30471196833018316,0.06772846081697603,0.7665747804543728,0.05331525220555252
Bank Marketing,150,CatBoost,0.88802388587858,0.005791940888821748,0.5620549064620792,0.0862410472858086,0.1357277882797731,0.08014710461266271,0.21257053235692722,0.11349881620906654,0.8483109990021461,0.031693071896908585
Bank Marketing,150,LightGBM,0.87265288068119,0.008920130296246945,0.43255490794448315,0.05403772335123873,0.2765595463137996,0.06766654118771945,0.3337562737461038,0.05970552185843819,0.7984130097429845,0.030634175456812403
Bank Marketing,150,TabPFN,0.8888200818312507,0.006374883359418201,0.6092807425706492,0.08450584388096352,0.19810964083175803,0.1315220023404401,0.2733092337674081,0.14538830613214546,0.8634733840506715,0.01991856072079953
Bank Marketing,150,XGBoost,0.8734711931881012,0.01219031487075054,0.4405394523214271,0.07068382310336142,0.27051039697542534,0.059186659532303496,0.33163783717105727,0.05338498704782411,0.8014596958143401,0.033725563388508385
Bank Marketing,250,CatBoost,0.8897047440008847,0.005303132814735739,0.5835949527832491,0.05228332734482216,0.19054820415879012,0.1093422046198485,0.27358388941356815,0.13209027727592676,0.8681287338144654,0.017981321020630124
Bank Marketing,250,LightGBM,0.8795974787128165,0.002015520794537075,0.46970764659632447,0.019633186872680924,0.23345935727788278,0.02997873634622629,0.3113705829453905,0.029939254305553976,0.8171673612977074,0.015760760872051752
Bank Marketing,250,TabPFN,0.8906999889417229,0.005991708854524996,0.582575337735734,0.03641940589499758,0.22192816635160675,0.12459962287114909,0.3040178741327211,0.15159474335064937,0.8712069179806654,0.01832651560285949
Bank Marketing,250,XGBoost,0.8791993807364813,0.0038748177782751627,0.4683682217480789,0.03355705001346894,0.2525519848771266,0.03720215316502037,0.3275498187516005,0.038848640535490316,0.8155755889173107,0.01698831594618806
Bank Marketing,500,CatBoost,0.894216521066018,0.004089768907291297,0.6159020838241508,0.03526414981891156,0.25160680529300566,0.03923007687395123,0.35644438989510896,0.04358337246490677,0.8879863117636685,0.007590376222372921
Bank Marketing,500,LightGBM,0.8821629990047551,0.002439847903664127,0.4928181123106469,0.02118033044343936,0.24102079395085063,0.009569213956198771,0.32369052201148896,0.012740134827551434,0.8439044380235625,0.01357279934648182
Bank Marketing,500,TabPFN,0.8970253234546057,0.003230077127848276,0.6425540568420745,0.01624138729948467,0.2695652173913043,0.054137424567268264,0.37734601799878054,0.05475966586082232,0.8943082551996714,0.014962353712391517
Bank Marketing,500,XGBoost,0.8839544398982637,0.0042460040289824036,0.5081021001105313,0.031772066514917305,0.2841209829867674,0.015824350042918777,0.364230931451213,0.018965989114190646,0.8425213508788335,0.020425893113655794
Bank Marketing,750,CatBoost,0.8965166427070663,0.002510009679816179,0.6200667405452005,0.012842154799091707,0.2977315689981096,0.039010848929090625,0.40118543103908727,0.03695051199532561,0.8957545871098102,0.0046860559171411995
Bank Marketing,750,LightGBM,0.8889970142651775,0.0035861909159105826,0.5470869494780531,0.028722112643321123,0.29981096408317576,0.022952494721646375,0.3870060682016064,0.023371634467951086,0.8628759263884433,0.004928389819484123
Bank Marketing,750,TabPFN,0.9000110582771204,0.0016539427062473623,0.6403158088221773,0.01422923248515022,0.3319470699432892,0.015054785286109665,0.43706339134067757,0.013977412991114418,0.9078188190759375,0.006299961275368415
Bank Marketing,750,XGBoost,0.8874930885767996,0.00267075135481199,0.5315908175273871,0.01877464303233041,0.32117202268431,0.029719849057433193,0.39992260830128756,0.026318882149127636,0.8595578903260248,0.011249083921724023
Bank Marketing,1000,CatBoost,0.896981090346124,0.0013329696963666382,0.6292297485277782,0.017847694922344504,0.2920604914933837,0.010588542770514197,0.39872724543698573,0.008634907150098303,0.899783975862114,0.003063208956152893
Bank Marketing,1000,LightGBM,0.8912971359062258,0.0012608375816644101,0.5638874000249223,0.011814870196079878,0.3153119092627599,0.024734105457536647,0.4038344977301966,0.019848995974625114,0.8715337713789915,0.003314105612679462
Bank Marketing,1000,TabPFN,0.9000774079398429,0.0014174451128310653,0.643557428421871,0.017723438506840272,0.32835538752362947,0.016020724247189862,0.4345055421831473,0.01262266802426649,0.9165380030847062,0.003385615601211732
Bank Marketing,1000,XGBoost,0.8878248368904125,0.0012328863193337579,0.5340725154443418,0.009781454760827325,0.3253308128544423,0.014785340036492635,0.4041243457392675,0.010808330497213562,0.8628621955391311,0.004644700606164393
Bank Marketing,1500,CatBoost,0.8985292491429835,0.001806260487811106,0.6338132938135121,0.013735835400641225,0.31474480151228723,0.026295704618607838,0.42005073065052806,0.023914270567619127,0.9065146251300582,0.004097323837235554
Bank Marketing,1500,LightGBM,0.8925577794979542,0.0018694703491322804,0.5735631674519667,0.01684506855237111,0.3224952741020794,0.030717609414108938,0.41187159260272066,0.023651394686966126,0.8843870537030089,0.004041386898629058
Bank Marketing,1500,TabPFN,0.9018688488333518,0.0017841220192187394,0.6513122880622534,0.010848255017935807,0.3478260869565217,0.032898495810883034,0.4526207491979461,0.02736800923480408,0.9210564231374281,0.0031378102561471517
Bank Marketing,1500,XGBoost,0.8916067676655978,0.002584421331879608,0.5604864083333779,0.021089162909132573,0.34650283553875233,0.021652659452969902,0.4276434965871546,0.014936627591039617,0.8772373057706263,0.006931348280192149
Bank Marketing,2000,CatBoost,0.901116885989163,0.0012738636074606628,0.646565661138722,0.012265730574865503,0.34177693761814737,0.004258555888872907,0.4471430071120679,0.005265879206240851,0.9108803249949988,0.004562795402078477
Bank Marketing,2000,LightGBM,0.8954992812119873,0.0021740134083089056,0.5907188368049441,0.018741224154314187,0.3493383742911153,0.010193050823850958,0.4388790971742396,0.009292714214977587,0.8917750555448366,0.003863865406949543
Bank Marketing,2000,TabPFN,0.9035939400641381,0.0006323555658740278,0.6507269277548947,0.008163131476263272,0.38071833648393194,0.02224086090695677,0.4799433060924844,0.01597911701096161,0.9256269612328409,0.0016038048673559567
Bank Marketing,2000,XGBoost,0.8935751409930333,0.0021365667433796034,0.5695206816030541,0.01454897586650922,0.3708884688090737,0.017903607550172503,0.4490230244695854,0.014792202937769644,0.8875152134259296,0.003128647660888475
Bank Marketing,3000,CatBoost,0.9029083268826718,0.0012037786717393382,0.6430248347618042,0.013084399635859792,0.3831758034026465,0.007981032828954442,0.4800784321035734,0.004783612433210829,0.9167632600350609,0.0030111407099289228
Bank Marketing,3000,LightGBM,0.8970032069003651,0.001932194632376719,0.5908678358454982,0.011274966904627053,0.3886578449905482,0.01764982103035549,0.4687775347540706,0.015485915378155864,0.9009128647404809,0.0019620845491930207
Bank Marketing,3000,TabPFN,0.907110472188433,0.0019296614360958958,0.650725985593503,0.014143562511945103,0.4459357277882797,0.02917376060661366,0.5286256351180213,0.019321087962086102,0.9302174327336346,0.0011936705983528388
Bank Marketing,3000,XGBoost,0.8946809687050757,0.002149405946001896,0.5708428496286998,0.013493633384411128,0.4026465028355387,0.015255210199970651,0.4720922638040926,0.012941477648237026,0.8953159338220411,0.003538477054617905
Bank Marketing,4000,CatBoost,0.9031073758708393,0.0010589419104168715,0.6372215892241664,0.01697147435554384,0.40113421550094513,0.01822506244465851,0.4918635221468235,0.009219752821988962,0.9187553221837259,0.0024949996137321735
Bank Marketing,4000,LightGBM,0.8977772862987947,0.002179069913569551,0.5940585072785167,0.012293650957678889,0.3988657844990548,0.027426499297820227,0.47686799953640124,0.02128901402147433,0.9068805285903506,0.0026698642173447738
Bank Marketing,4000,TabPFN,0.9074864536105274,0.0015883166302571572,0.6419077042951293,0.013992296586229828,0.4744801512287335,0.019633816708734434,0.5453167786966251,0.011271941893307729,0.9319510234809361,0.0015534660910459476
Bank Marketing,4000,XGBoost,0.8951232997898927,0.0009499825984701601,0.5717190970235171,0.00719616096040202,0.4136105860113421,0.011034743949108701,0.479869420736878,0.006717822799478699,0.9002452140296135,0.0036423120178001056
Bank Marketing,6000,CatBoost,0.9055401968373328,0.0007637419727891979,0.6408979451298881,0.006650038710985784,0.4383742911153119,0.010056284369202551,0.5205477669967342,0.006463950050168483,0.922907033864299,0.0021077465269425323
Bank Marketing,6000,LightGBM,0.899635076855026,0.0018841305310612385,0.6002993861105802,0.013055908371662105,0.42608695652173906,0.00967136275409187,0.4983262609547473,0.008474015878184568,0.9130650925115973,0.0019987282277485786
Bank Marketing,6000,TabPFN,0.9092557779497954,0.0014430945719570577,0.6417822657304064,0.009340786256519653,0.5083175803402646,0.017624494828429545,0.5671205158461312,0.01080694261052018,0.9347677415001898,0.0007517840893826603
Bank Marketing,6000,XGBoost,0.8977772862987946,0.0019290276172461217,0.5851085563339471,0.012096783194141607,0.43478260869565216,0.01336685786742057,0.49874782744345547,0.010400676151661575,0.9070294136098758,0.0031750709912804864
Bank Marketing,8000,CatBoost,0.9060931106933541,0.0014061850588532093,0.6405535719601536,0.006431508057768397,0.4495274102079395,0.011664450486937513,0.5282733148107761,0.010077328217055884,0.9250716312367352,0.00210521968300918
Bank Marketing,8000,LightGBM,0.9018024991706293,0.0013655964873635065,0.6111809583358062,0.00853401484400493,0.44177693761814735,0.007154703541692081,0.5128283922238871,0.006859715911174459,0.9172408805262229,0.003260509488618232
Bank Marketing,8000,TabPFN,0.9100077407939843,0.0012642275870422288,0.6421928003857267,0.007004859986086548,0.5213610586011341,0.012133691142443243,0.5754319579808003,0.008177630496698037,0.9360462966360602,0.0007178226080624326
Bank Marketing,8000,XGBoost,0.898462899480261,0.002675097576328018,0.586502781882383,0.016487988203176745,0.4493383742911153,0.008201849962161327,0.50875413873349,0.009257610916141046,0.9109335793838399,0.002362165992209614
Bank Marketing,12000,CatBoost,0.9071768218511556,0.001601733323764313,0.6489137704528275,0.0084212582074426,0.450094517958412,0.013993765991169563,0.53145137444341,0.011726911754025068,0.9278476065117369,0.0012178785304215371
Bank Marketing,12000,LightGBM,0.9046997677761803,0.001302343958459562,0.6294338611613481,0.011856518899036219,0.45179584120982985,0.011420648368236825,0.5258626471406803,0.006119537149406342,0.9233612172161176,0.0007024635530540633
Bank Marketing,12000,TabPFN,0.9109366360721,0.0008763292162405715,0.6463745734006033,0.006026847971932771,0.5274102079395085,0.012786152418212363,0.5807659575730189,0.007063830924781664,0.9374090360825413,0.000738165198900788
Bank Marketing,12000,XGBoost,0.9013159349773305,0.000776445413316033,0.6023571266811423,0.008667029334418992,0.4616257088846881,0.012918222732151168,0.5225023909070056,0.00520527766122316,0.9147113858333146,0.00048813210222415173
Bank Marketing,16000,CatBoost,0.9080836005750303,0.0015310822637462768,0.6494449516883329,0.009525228731255947,0.46597353497164457,0.012907845258740737,0.5425304555132839,0.009920967175348055,0.9297629652952784,0.0010524120559124374
Bank Marketing,16000,LightGBM,0.9050757491982748,0.0017547503271177292,0.6290225160114606,0.01133700229913847,0.4601134215500945,0.00606684557122164,0.5314521992324699,0.007421064802539756,0.9279859329816185,0.0014353783220845083
Bank Marketing,16000,TabPFN,0.911511666482362,0.0010355886116061976,0.6458652060868325,0.005185007110465195,0.5395085066162572,0.01040556441929898,0.587871375732578,0.006943185799171147,0.9388495797294784,0.00030286733044285695
Bank Marketing,16000,XGBoost,0.9021121309300011,0.0007795889298690334,0.6054260165243084,0.00409701992897864,0.4689981096408317,0.009390158190563167,0.528509865710572,0.0064322948879687505,0.9180493197902967,0.001538475241430273
Bank Marketing,24000,CatBoost,0.9095654097091673,0.0015109831739375397,0.6546887929507231,0.009356038771764661,0.48052930056710774,0.007579138070597137,0.554228351005448,0.007487239863818027,0.9327253486866324,0.0009685536347049013
Bank Marketing,24000,LightGBM,0.9065354417781709,0.001197157456837361,0.6345106767745406,0.009146526333914709,0.47485822306238185,0.011606866868059536,0.5430842998240578,0.00725403723056654,0.9315516688308536,0.0012086806736851348
Bank Marketing,24000,TabPFN,0.9130819418334625,0.00047563448341485064,0.6516181744429528,0.003863634057495249,0.5525519848771265,0.005072365922494788,0.5979880004741198,0.002378597359033832,0.9408758861428506,0.00022705738259921294
Bank Marketing,24000,XGBoost,0.9031294924250801,0.0022005693621731954,0.611410456617026,0.01216747520683995,0.4720226843100189,0.011854375875321852,0.532725043124594,0.01151700210809707,0.9233989888886655,0.0009112407200651813
Bank Marketing,32000,CatBoost,0.910206789782152,0.0012776976676203986,0.6558248490978051,0.00618818849540224,0.48922495274102074,0.008856489054913059,0.5603913695418343,0.007822703446506395,0.9335128839163224,0.00023341950719799938
Bank Marketing,32000,LightGBM,0.9081057171292711,0.0019858769209408498,0.6442895539883283,0.009548389572332993,0.47882797731568993,0.015307824608628121,0.5493157083909754,0.013001564835517251,0.9333920050946185,0.0007399731734156986
Bank Marketing,32000,TabPFN,0.9147627999557668,0.0004381646081202998,0.6601461958337979,0.0032373382041526585,0.5595463137996219,0.004226971602079007,0.6056838490164039,0.002247339168881692,0.9417420541587308,0.00015859215593299705
Bank Marketing,32000,XGBoost,0.9049872829813115,0.0012593819287853717,0.6209797897133268,0.004724408408402911,0.4820415879017014,0.013079728263797774,0.5427149607243855,0.009928243892566222,0.9255271639996069,0.0014916443193880085
Credit-G,10,CatBoost,0.681,0.015572411502397411,0.7179865886226164,0.007325016581725167,0.8971428571428574,0.047001953932463154,0.7970435415864103,0.016665300546896793,0.6269285714285714,0.05087189069651869
Credit-G,10,LightGBM,0.7,0.0,0.7,0.0,1.0,0.0,0.8235294117647058,0.0,0.5,0.0
Credit-G,10,TabPFN,0.6849999999999999,0.01968501968502949,0.7123512287798002,0.01741969040369741,0.9271428571428573,0.08636656571538194,0.8034255409962967,0.0257758840493012,0.6168095238095238,0.04091199212667651
Credit-G,10,XGBoost,0.7,0.0,0.7,0.0,1.0,0.0,0.8235294117647058,0.0,0.5450595238095237,0.06005912560630654
Credit-G,20,CatBoost,0.7070000000000001,0.047116875957558986,0.7355750924787775,0.0397297098756014,0.9114285714285714,0.00958314847499904,0.8137586154330275,0.026416120331385955,0.6813095238095239,0.04976752930163517
Credit-G,20,LightGBM,0.7,0.0,0.7,0.0,1.0,0.0,0.8235294117647058,0.0,0.5,0.0
Credit-G,20,TabPFN,0.706,0.011937336386313332,0.7162407398650192,0.025787200191333813,0.9657142857142856,0.04612538368846554,0.8213343925358444,0.0024489407095668434,0.6680952380952381,0.04854231445364971
Credit-G,20,XGBoost,0.664,0.019170289512680832,0.7288143232628097,0.0211748341604282,0.832857142857143,0.07866877087004778,0.7750259833414158,0.02658536356626171,0.6120119047619047,0.01777243799128855
Credit-G,35,CatBoost,0.709,0.008215838362577499,0.7336534321212603,0.017427681823928322,0.9199999999999999,0.04984670377819401,0.815355693477958,0.011413359145958746,0.6855,0.039956254423728105
Credit-G,35,LightGBM,0.7,0.0,0.7,0.0,1.0,0.0,0.8235294117647058,0.0,0.5,0.0
Credit-G,35,TabPFN,0.6980000000000001,0.008366600265340762,0.7186601222767588,0.020320362748199542,0.9385714285714284,0.061153870837154255,0.8126542996831063,0.01223837102994241,0.663,0.04285403427879634
Credit-G,35,XGBoost,0.667,0.04535967372016691,0.7379916475308274,0.02002309906629959,0.8114285714285714,0.05816057995949224,0.772593362997334,0.037197740661481286,0.6287619047619047,0.058096982311833516
Credit-G,50,CatBoost,0.714,0.036640141921122506,0.7436917416512703,0.023580763751980146,0.9028571428571428,0.022360679774997876,0.8155561499436997,0.02291047381123699,0.6974523809523809,0.051195500860818095
Credit-G,50,LightGBM,0.6759999999999999,0.02701851217221257,0.731838596003153,0.013289727757815019,0.8485714285714284,0.057454507291972004,0.7850791143906164,0.023694932536201217,0.6135952380952381,0.0451242026518584
Credit-G,50,TabPFN,0.6950000000000001,0.021505813167606528,0.7398215354080617,0.026759108403732815,0.8742857142857143,0.05165624209075583,0.8002490405939039,0.015782658901224888,0.6736428571428572,0.05069035876431855
Credit-G,50,XGBoost,0.6799999999999999,0.041982139059366645,0.7524880017527076,0.02488127576305617,0.8085714285714285,0.04021625217216928,0.7793948778537196,0.030776868068247677,0.6554166666666668,0.06713681478215197
Credit-G,75,CatBoost,0.729,0.023291629397704253,0.7589758726833915,0.013990246130356267,0.8985714285714286,0.038926933124110594,0.8225212589950873,0.01805457011624133,0.7276904761904761,0.021787763369677558
Credit-G,75,LightGBM,0.7,0.018708286933869663,0.7711195475289003,0.02231608265854414,0.8142857142857143,0.028571428571428574,0.7916184399793573,0.012517479472609774,0.6773452380952381,0.034933722069681095
Credit-G,75,TabPFN,0.707,0.03492849839314595,0.7436606322418415,0.04215458177489033,0.8957142857142857,0.0688091118788131,0.810349937952725,0.022197021913973887,0.714,0.040022988008905525
Credit-G,75,XGBoost,0.696,0.03595135602449508,0.7802079884639982,0.03512653473171545,0.79,0.03447862396042048,0.7844291991782301,0.024263333929720486,0.6846190476190477,0.03666525584793536
Credit-G,100,CatBoost,0.7229999999999999,0.022248595461287008,0.7538600939257457,0.012190463515161105,0.8971428571428571,0.01862629258629329,0.8192793176889748,0.014913297605500779,0.7342380952380951,0.024477331129619126
Credit-G,100,LightGBM,0.7010000000000001,0.031898275815473144,0.7791060131860343,0.02030943943174415,0.8,0.04315373561998064,0.7889299858875575,0.025989362171481734,0.6975952380952382,0.03381438596829311
Credit-G,100,TabPFN,0.708,0.024135036772294317,0.7624576882899371,0.014591607295467492,0.8485714285714285,0.06840008354213778,0.8017640788479033,0.025455754815013724,0.7247380952380953,0.034198425591321774
Credit-G,100,XGBoost,0.701,0.013874436925511578,0.7738570026316298,0.01283157309639243,0.8099999999999999,0.028838041768837648,0.7911905486401717,0.012301967989581646,0.6996904761904761,0.007815818456220015
Credit-G,150,CatBoost,0.724,0.021908902300206663,0.7632628472675101,0.026394608768084638,0.8814285714285715,0.052634666934115795,0.8168612681151635,0.017455475751040474,0.7463333333333334,0.02996341306408498
Credit-G,150,LightGBM,0.678,0.02079663434308538,0.7735171307986614,0.02370143462697937,0.7657142857142857,0.0447213595499958,0.7685938436989209,0.019502392844699935,0.6922857142857143,0.0330655056576955
Credit-G,150,TabPFN,0.708,0.01987460691435176,0.7624384262382597,0.021378149920365835,0.8485714285714285,0.0426781978465419,0.8024508158933799,0.015983425815686736,0.7469047619047618,0.02780265326087914
Credit-G,150,XGBoost,0.6839999999999999,0.02966479394838263,0.7704492322600247,0.017345525759798693,0.7814285714285715,0.04059506353823663,0.7755408135603581,0.02476060070273469,0.7021428571428572,0.026068166788784618
Credit-G,250,CatBoost,0.744,0.019811612756158968,0.7717817678703646,0.01796536042211387,0.9014285714285716,0.019820624179302335,0.8313847796341325,0.012226009056345999,0.7682142857142857,0.017659822509463675
Credit-G,250,LightGBM,0.704,0.00961769203083568,0.777060121308836,0.014180926786609125,0.8099999999999999,0.014811743823805507,0.7930080655675913,0.005663670644302524,0.7133809523809524,0.022811617609437177
Credit-G,250,TabPFN,0.723,0.024135036772294362,0.7772513494578682,0.013683267206296746,0.8471428571428572,0.031379832337841154,0.8104939984043048,0.01826875384360971,0.7679285714285715,0.015761023569095405
Credit-G,250,XGBoost,0.72,0.014142135623730963,0.7845011127141941,0.02133455176520125,0.8285714285714285,0.015152288168283146,0.8056288018527507,0.006537213469359338,0.7208809523809524,0.024414283856706263
Credit-G,500,CatBoost,0.7390000000000001,0.021908902300206663,0.7781368445275492,0.010258806900101796,0.8771428571428572,0.0273861278752583,0.8245795532659909,0.016563817291948568,0.7714047619047619,0.020691592659887775
Credit-G,500,LightGBM,0.7150000000000001,0.015411035007422455,0.786223814097938,0.009657103458207984,0.8142857142857143,0.01821078397711711,0.799944208576006,0.011865803669791682,0.7335238095238096,0.013132414761205134
Credit-G,500,TabPFN,0.7550000000000001,0.014577379737113264,0.8056892251478001,0.016037452747830038,0.8571428571428571,0.015152288168283146,0.830469472851988,0.009391706696193306,0.7850952380952381,0.015013080086915735
Credit-G,500,XGBoost,0.7170000000000001,0.023611437906235173,0.7843519953768217,0.010884101511717632,0.8214285714285714,0.03072259023943796,0.8023166188906583,0.018958958219208812,0.7349761904761904,0.015377293903689731
Credit-G,750,CatBoost,0.742,0.016431676725154998,0.784749762485534,0.008567398625639324,0.8699999999999999,0.016288220358559112,0.8251638656752325,0.011853468218482677,0.7743095238095239,0.009139725406097633
Credit-G,750,LightGBM,0.766,0.03189827581547319,0.8130480446537968,0.01800281974688463,0.8642857142857142,0.03072259023943796,0.8378187786363682,0.023201720555989777,0.7698809523809523,0.010111341603612444
Credit-G,750,TabPFN,0.76,0.007905694150420955,0.8117925613714057,0.00897539103324963,0.8557142857142856,0.01373956004405096,0.8330812646546304,0.005852922692121939,0.7856904761904764,0.006488586700477565
Credit-G,750,XGBoost,0.7460000000000001,0.023291629397704253,0.8080123598735269,0.015537118502998744,0.8357142857142856,0.0202030508910442,0.8215931812984811,0.016839602941907828,0.7589285714285714,0.011909225353736378
