Accuracy,Precision,Recall,F1,ROC_AUC,Prediction_Time,Model,Samples,Seed,Training_Time
0.7,0.7,1.0,0.8235294117647058,0.5698809523809524,0.009743913000420434,XGBoost,10,42,0.03762283400010347
0.7,0.7,1.0,0.8235294117647058,0.5,0.009769768000296608,LightGBM,10,42,0.016261624000435404
0.685,0.712707182320442,0.9214285714285714,0.8037383177570093,0.6780952380952381,0.01138776300012978,CatBoost,10,42,0.2879649749993405
0.7,0.7,1.0,0.8235294117647058,0.585,0.7073164960002032,TabPFN,10,42,0.624665203999939
0.685,0.7333333333333333,0.8642857142857143,0.7934426229508197,0.614642857142857,0.00984059599977627,XGBoost,20,42,0.03779342599955271
0.7,0.7,1.0,0.8235294117647058,0.5,0.009758013999999093,LightGBM,20,42,0.01624859000003198
0.79,0.80625,0.9214285714285714,0.86,0.7508333333333334,0.011174594999829424,CatBoost,20,42,0.3173905290004768
0.725,0.7607361963190185,0.8857142857142857,0.8184818481848185,0.7333333333333334,0.6795720809996055,TabPFN,20,42,0.6337033499994504
0.72,0.7658227848101266,0.8642857142857143,0.8120805369127517,0.6916666666666667,0.009816614000556001,XGBoost,35,42,0.046901671000341594
0.7,0.7,1.0,0.8235294117647058,0.5,0.009434018999854743,LightGBM,35,42,0.015830508999897575
0.705,0.7262569832402235,0.9285714285714286,0.8150470219435737,0.7270238095238095,0.01149322499986738,CatBoost,35,42,0.335802892999709
0.69,0.7166666666666667,0.9214285714285714,0.80625,0.6480952380952382,0.6722953970001981,TabPFN,35,42,0.6180942969995158
0.715,0.7712418300653595,0.8428571428571429,0.8054607508532423,0.6930952380952381,0.009385457000462338,XGBoost,50,42,0.0462355400004526
0.66,0.7307692307692307,0.8142857142857143,0.7702702702702703,0.6221428571428571,0.010072690000015427,LightGBM,50,42,0.024355456000193954
0.765,0.7751479289940828,0.9357142857142857,0.8478964401294499,0.7467857142857144,0.010516186999666388,CatBoost,50,42,0.34240374799992424
0.725,0.7814569536423841,0.8428571428571429,0.8109965635738832,0.7495238095238095,0.6648670340000535,TabPFN,50,42,0.6369009860000006
0.74,0.8235294117647058,0.8,0.8115942028985508,0.7219047619047619,0.009432959999685409,XGBoost,75,42,0.05007854399991629
0.715,0.782312925170068,0.8214285714285714,0.8013937282229965,0.7132142857142858,0.009850691999417904,LightGBM,75,42,0.029101672999786388
0.755,0.7791411042944786,0.9071428571428571,0.8382838283828383,0.7465476190476191,0.013598859000012453,CatBoost,75,42,0.3482453719998375
0.73,0.7654320987654321,0.8857142857142857,0.8211920529801324,0.7441666666666666,0.7020646560004025,TabPFN,75,42,0.6492795909998677
0.715,0.7748344370860927,0.8357142857142857,0.8041237113402062,0.6972619047619047,0.009592630999577523,XGBoost,100,42,0.053590239999721234
0.68,0.75,0.8142857142857143,0.7808219178082192,0.6840476190476191,0.011643040999842924,LightGBM,100,42,0.033353343999806384
0.715,0.7485029940119761,0.8928571428571429,0.8143322475570033,0.7152380952380953,0.010797974000524846,CatBoost,100,42,0.35604675200011116
0.7,0.7631578947368421,0.8285714285714286,0.7945205479452054,0.7370238095238096,0.6622729930004425,TabPFN,100,42,0.6315732129996832
0.695,0.7651006711409396,0.8142857142857143,0.7889273356401384,0.6921428571428572,0.009935142999893287,XGBoost,150,42,0.06258778800020082
0.66,0.7465753424657534,0.7785714285714286,0.7622377622377622,0.6622619047619047,0.01090273000045272,LightGBM,150,42,0.042579255000418925
0.69,0.7378048780487805,0.8642857142857143,0.7960526315789473,0.7122619047619048,0.010427772000184632,CatBoost,150,42,0.37361076599972876
0.705,0.7547169811320755,0.8571428571428571,0.802675585284281,0.7376190476190476,0.64710137900056,TabPFN,150,42,0.6589726000001974
0.715,0.7785234899328859,0.8285714285714286,0.8027681660899654,0.7083333333333335,0.009428960000150255,XGBoost,250,42,0.0787932240000373
0.715,0.7862068965517242,0.8142857142857143,0.8,0.7158333333333333,0.012151402999734273,LightGBM,250,42,0.059972508999635465
0.715,0.7515151515151515,0.8857142857142857,0.8131147540983606,0.7534523809523809,0.010539871000219136,CatBoost,250,42,0.36131769900021027
0.755,0.7861635220125787,0.8928571428571429,0.8361204013377926,0.7752380952380953,0.6434563769998931,TabPFN,250,42,0.6278381780002746
0.725,0.7891156462585034,0.8285714285714286,0.8083623693379791,0.7222619047619048,0.009946844999831228,XGBoost,500,42,0.10843591899993044
0.725,0.7972027972027972,0.8142857142857143,0.8056537102473498,0.7200000000000001,0.01245966100032092,LightGBM,500,42,0.10632460199940397
0.745,0.7730061349693251,0.9,0.8316831683168316,0.7775000000000001,0.01075786399997014,CatBoost,500,42,0.3849882599997727
0.75,0.7884615384615384,0.8785714285714286,0.831081081081081,0.781547619047619,0.6581012019996706,TabPFN,500,42,0.6836502119995203
0.745,0.8027210884353742,0.8428571428571429,0.8222996515679443,0.758452380952381,0.010033341000053042,XGBoost,750,42,0.11971335700036434
0.745,0.7986577181208053,0.85,0.8235294117647058,0.7654761904761904,0.013228218999756791,LightGBM,750,42,0.17331729999932577
0.725,0.7777777777777778,0.85,0.8122866894197952,0.7804761904761905,0.01046517800023139,CatBoost,750,42,0.4103461810000226
0.765,0.8163265306122449,0.8571428571428571,0.8362369337979094,0.7816666666666666,0.6562145420002707,TabPFN,750,42,0.6503458220004177
0.7,0.7,1.0,0.8235294117647058,0.5841071428571428,0.010369720000198868,XGBoost,10,123,0.03689255500012223
0.7,0.7,1.0,0.8235294117647058,0.5,0.009981438999602688,LightGBM,10,123,0.015728326000498782
0.655,0.7261146496815286,0.8142857142857143,0.7676767676767676,0.5910714285714286,0.01089360000059969,CatBoost,10,123,0.268723121000221
0.655,0.7414965986394558,0.7785714285714286,0.759581881533101,0.5864285714285715,0.6802023889995326,TabPFN,10,123,0.8483166190007978
0.64,0.7615384615384615,0.7071428571428572,0.7333333333333333,0.6414285714285716,0.01076818599995022,XGBoost,20,123,0.04504894899946521
0.7,0.7,1.0,0.8235294117647058,0.5,0.00978990900057397,LightGBM,20,123,0.015360026999587717
0.685,0.7175141242937854,0.9071428571428571,0.8012618296529969,0.6554761904761905,0.010654173000148148,CatBoost,20,123,0.3330578599998262
0.7,0.7,1.0,0.8235294117647058,0.6769047619047619,0.6514287260006313,TabPFN,20,123,0.6351304150002761
0.665,0.738562091503268,0.8071428571428572,0.7713310580204779,0.599047619047619,0.01027303299997584,XGBoost,35,123,0.04536531499979901
0.7,0.7,1.0,0.8235294117647058,0.5,0.010186461999182939,LightGBM,35,123,0.01681964900035382
0.715,0.7243243243243244,0.9571428571428572,0.8246153846153846,0.6601190476190477,0.011084014000516618,CatBoost,35,123,0.3437655099996846
0.71,0.7091836734693877,0.9928571428571429,0.8273809523809523,0.6971428571428571,0.6756260849997489,TabPFN,35,123,0.6687032800000452
0.62,0.7162162162162162,0.7571428571428571,0.7361111111111112,0.5929761904761904,0.009910224999657657,XGBoost,50,123,0.0495783879996452
0.72,0.7333333333333333,0.9428571428571428,0.825,0.5989880952380953,0.010153948000152013,LightGBM,50,123,0.024563816000409133
0.68,0.7209302325581395,0.8857142857142857,0.7948717948717948,0.6836904761904763,0.011173447000146552,CatBoost,50,123,0.35428558199964755
0.68,0.75,0.8142857142857143,0.7808219178082192,0.6865476190476191,0.6797991170005844,TabPFN,50,123,0.6220816530003503
0.69,0.7954545454545454,0.75,0.7720588235294118,0.7002380952380952,0.008891260000382317,XGBoost,75,123,0.04953849800040189
0.715,0.7985611510791367,0.7928571428571428,0.7956989247311828,0.6997619047619048,0.010469200999978057,LightGBM,75,123,0.02756625999973039
0.72,0.7592592592592593,0.8785714285714286,0.8145695364238411,0.7444047619047618,0.010439078999297635,CatBoost,75,123,0.3544737290003468
0.74,0.8055555555555556,0.8285714285714286,0.8169014084507042,0.7436904761904761,0.6670584379999127,TabPFN,75,123,0.6311362970000118
0.705,0.7956204379562044,0.7785714285714286,0.7870036101083032,0.7054761904761904,0.010418001000289223,XGBoost,100,123,0.05583559899969259
0.665,0.7786259541984732,0.7285714285714285,0.7527675276752768,0.6767857142857144,0.011486926000543463,LightGBM,100,123,0.0329062779992455
0.72,0.7530120481927711,0.8928571428571429,0.8169934640522876,0.744642857142857,0.01063463800073805,CatBoost,100,123,0.34393966300012835
0.715,0.7748344370860927,0.8357142857142857,0.8041237113402062,0.7483333333333333,0.6624925570004052,TabPFN,100,123,0.6290259699999297
0.69,0.7708333333333334,0.7928571428571428,0.7816901408450704,0.7336904761904762,0.010561285999756365,XGBoost,150,123,0.06354315799944743
0.695,0.7762237762237763,0.7928571428571428,0.784452296819788,0.7174999999999999,0.010401000999991084,LightGBM,150,123,0.04245957799957978
0.75,0.78125,0.8928571428571429,0.8333333333333334,0.7827380952380952,0.010862604000067222,CatBoost,150,123,0.36539131100016675
0.715,0.7677419354838709,0.85,0.8067796610169492,0.771547619047619,0.6444343060002211,TabPFN,150,123,0.6768225650002933
0.705,0.7682119205298014,0.8285714285714286,0.7972508591065293,0.7483333333333334,0.010325008000108937,XGBoost,250,123,0.0777362170001652
0.7,0.7666666666666667,0.8214285714285714,0.7931034482758621,0.7473809523809524,0.013035164000029908,LightGBM,250,123,0.0668466429997352
0.745,0.7834394904458599,0.8785714285714286,0.8282828282828283,0.7867857142857142,0.010200446999988344,CatBoost,250,123,0.35724504700010584
0.71,0.7733333333333333,0.8285714285714286,0.8,0.7852380952380954,0.6548580369999399,TabPFN,250,123,0.6376484960001108
0.735,0.7880794701986755,0.85,0.8178694158075601,0.734047619047619,0.011183980000168958,XGBoost,500,123,0.10514170600072248
0.69,0.7708333333333334,0.7928571428571428,0.7816901408450704,0.7302380952380952,0.012573492000228725,LightGBM,500,123,0.11074858699976176
0.765,0.7924528301886793,0.9,0.842809364548495,0.805,0.010756610000498767,CatBoost,500,123,0.3809243349996905
0.775,0.8275862068965517,0.8571428571428571,0.8421052631578947,0.8061904761904762,0.6655541290001565,TabPFN,500,123,0.6353345099996659
0.755,0.8095238095238095,0.85,0.8292682926829268,0.7427380952380953,0.01049873900046805,XGBoost,750,123,0.12088560499978485
0.81,0.84,0.9,0.8689655172413793,0.7788095238095238,0.012614856000254804,LightGBM,750,123,0.15543133099981787
0.745,0.7870967741935484,0.8714285714285714,0.8271186440677966,0.7683333333333333,0.010241261000373925,CatBoost,750,123,0.40272937400004594
0.75,0.7960526315789473,0.8642857142857143,0.8287671232876712,0.7889285714285714,0.6662934769992717,TabPFN,750,123,0.6390913159993943
0.7,0.7,1.0,0.8235294117647058,0.5920833333333333,0.009517202000097313,XGBoost,10,2024,0.035096024999802466
0.7,0.7,1.0,0.8235294117647058,0.5,0.009500737999587727,LightGBM,10,2024,0.01599990499926207
0.695,0.7257142857142858,0.9071428571428571,0.8063492063492064,0.6026190476190477,0.010916156000348565,CatBoost,10,2024,0.26122707200011064
0.695,0.7135135135135136,0.9428571428571428,0.8123076923076923,0.6432142857142857,0.6456599550001556,TabPFN,10,2024,0.6191046880003341
0.65,0.7243589743589743,0.8071428571428572,0.7635135135135135,0.6063095238095239,0.01036381399990205,XGBoost,20,2024,0.04144311500022013
0.7,0.7,1.0,0.8235294117647058,0.5,0.010345556000174838,LightGBM,20,2024,0.016804934999527177
0.7,0.7247191011235955,0.9214285714285714,0.8113207547169812,0.6270238095238095,0.010839558999578003,CatBoost,20,2024,0.32114323699988745
0.71,0.7157894736842105,0.9714285714285714,0.8242424242424242,0.6783333333333332,0.6524353499999052,TabPFN,20,2024,0.6292008450000139
0.68,0.7375,0.8428571428571429,0.7866666666666666,0.6484523809523809,0.009304089000579552,XGBoost,35,2024,0.0482239800003299
0.7,0.7,1.0,0.8235294117647058,0.5,0.010402464999970107,LightGBM,35,2024,0.017628722999688762
0.7,0.7247191011235955,0.9214285714285714,0.8113207547169812,0.6544047619047619,0.010548985000241373,CatBoost,35,2024,0.33291602799999964
0.69,0.7142857142857143,0.9285714285714286,0.8074534161490683,0.6511904761904762,0.6520372350005346,TabPFN,35,2024,0.828694114999962
0.67,0.7569444444444444,0.7785714285714286,0.7676056338028169,0.5847023809523809,0.00944258199979231,XGBoost,50,2024,0.04618172800019238
0.65,0.7215189873417721,0.8142857142857143,0.7651006711409396,0.5646428571428571,0.010486571999535954,LightGBM,50,2024,0.02509721000024001
0.68,0.7235294117647059,0.8785714285714286,0.7935483870967742,0.6328571428571428,0.0103442850004285,CatBoost,50,2024,0.34593465300076787
0.675,0.7142857142857143,0.8928571428571429,0.7936507936507936,0.6295238095238096,0.6643018049999228,TabPFN,50,2024,0.6240602569996554
0.67,0.7371794871794872,0.8214285714285714,0.777027027027027,0.6513095238095238,0.009359984999719018,XGBoost,75,2024,0.061916024000311154
0.675,0.7388535031847133,0.8285714285714286,0.7811447811447811,0.6732142857142857,0.010161438000068301,LightGBM,75,2024,0.03100420499959
0.73,0.7415730337078652,0.9428571428571428,0.8301886792452831,0.7001190476190475,0.011203670999748283,CatBoost,75,2024,0.3624113129999387
0.705,0.7035175879396985,1.0,0.8259587020648967,0.6714285714285714,0.6562402690005911,TabPFN,75,2024,0.6136115039998913
0.71,0.7662337662337663,0.8428571428571429,0.8027210884353742,0.6920238095238095,0.008736980999856314,XGBoost,100,2024,0.05174366099981853
0.72,0.7837837837837838,0.8285714285714286,0.8055555555555556,0.6707142857142857,0.010055051000563253,LightGBM,100,2024,0.03174973000022874
0.7,0.7409638554216867,0.8785714285714286,0.803921568627451,0.7015476190476191,0.010580510000181675,CatBoost,100,2024,0.34132361599949945
0.725,0.7374301675977654,0.9428571428571428,0.8275862068965517,0.7204761904761905,0.6665695179999602,TabPFN,100,2024,0.60842906400012
0.715,0.782312925170068,0.8214285714285714,0.8013937282229965,0.6822619047619047,0.010238041999400593,XGBoost,150,2024,0.06465724600002432
0.705,0.7793103448275862,0.8071428571428572,0.7929824561403509,0.6646428571428572,0.011517286000525928,LightGBM,150,2024,0.041850339000120584
0.73,0.7529411764705882,0.9142857142857143,0.8258064516129032,0.720952380952381,0.011153876000207674,CatBoost,150,2024,0.35257374799948593
0.72,0.7441860465116279,0.9142857142857143,0.8205128205128205,0.7598809523809524,0.6539091330005249,TabPFN,150,2024,0.6538910019999093
0.735,0.8,0.8285714285714286,0.8140350877192982,0.6869047619047619,0.01020025700017868,XGBoost,250,2024,0.08413511999970069
0.705,0.7718120805369127,0.8214285714285714,0.7958477508650519,0.6883333333333334,0.012487845999203273,LightGBM,250,2024,0.06032684199999494
0.75,0.774390243902439,0.9071428571428571,0.8355263157894737,0.7457142857142857,0.010413074000098277,CatBoost,250,2024,0.38062839500071277
0.74,0.7857142857142857,0.8642857142857143,0.8231292517006803,0.7657142857142858,0.6591259460001311,TabPFN,250,2024,0.6551745570004641
0.74,0.7933333333333333,0.85,0.8206896551724138,0.7586904761904761,0.010382905999904324,XGBoost,500,2024,0.1066286740006035
0.725,0.785234899328859,0.8357142857142857,0.8096885813148789,0.7554761904761906,0.013243742000668135,LightGBM,500,2024,0.12413971200021479
0.735,0.7806451612903226,0.8642857142857143,0.8203389830508474,0.7604761904761905,0.010745987000518653,CatBoost,500,2024,0.39151674799995817
0.765,0.8163265306122449,0.8571428571428571,0.8362369337979094,0.7930952380952381,0.6736842740001521,TabPFN,500,2024,0.65216036000038
0.78,0.8333333333333334,0.8571428571428571,0.8450704225352113,0.7750000000000001,0.010630149000462552,XGBoost,750,2024,0.12112894199981383
0.785,0.8169934640522876,0.8928571428571429,0.8532423208191127,0.7796428571428571,0.01341798699922947,LightGBM,750,2024,0.1718481600000814
0.76,0.7948717948717948,0.8857142857142857,0.8378378378378378,0.7725000000000001,0.010461648999807949,CatBoost,750,2024,0.40675834200010286
0.77,0.8133333333333334,0.8714285714285714,0.8413793103448276,0.7955952380952381,0.658709798000018,TabPFN,750,2024,0.6585663410005509
0.7,0.7,1.0,0.8235294117647058,0.44529761904761905,0.009812066000449704,XGBoost,10,777,0.035606585999630624
0.7,0.7,1.0,0.8235294117647058,0.5,0.01014805900013016,LightGBM,10,777,0.017098039999837056
0.68,0.7111111111111111,0.9142857142857143,0.8,0.5775000000000001,0.011419557000408531,CatBoost,10,777,0.27082996900026046
0.7,0.7083333333333334,0.9714285714285714,0.8192771084337349,0.5933333333333334,0.6663726209999368,TabPFN,10,777,0.6365499140001702
0.68,0.7209302325581395,0.8857142857142857,0.7948717948717948,0.6012500000000001,0.00994875000014872,XGBoost,20,777,0.04114877900065039
0.7,0.7,1.0,0.8235294117647058,0.5,0.009693682000033732,LightGBM,20,777,0.015930735999972967
0.68,0.7159090909090909,0.9,0.7974683544303798,0.6601190476190476,0.011421100000006845,CatBoost,20,777,0.32449988100051996
0.7,0.7061855670103093,0.9785714285714285,0.8203592814371258,0.5991666666666666,0.6851235729991458,TabPFN,20,777,0.6243317050002588
0.595,0.7092198581560284,0.7142857142857143,0.7117437722419929,0.5436904761904762,0.009976207999898179,XGBoost,35,777,0.04775154599974485
0.7,0.7,1.0,0.8235294117647058,0.5,0.009236603999852377,LightGBM,35,777,0.016183246000764484
0.72,0.7282608695652174,0.9571428571428572,0.8271604938271605,0.6546428571428572,0.010730393999438093,CatBoost,35,777,0.3313479210000878
0.7,0.7,1.0,0.8235294117647058,0.6054761904761905,0.6694972200002667,TabPFN,35,777,0.6396599949994197
0.67,0.7402597402597403,0.8142857142857143,0.7755102040816326,0.663452380952381,0.009965363999981491,XGBoost,50,777,0.048474661000000197
0.68,0.7533333333333333,0.8071428571428572,0.7793103448275862,0.6855357142857142,0.010371436999776051,LightGBM,50,777,0.025830184999904304
0.71,0.7383720930232558,0.9071428571428571,0.8141025641025641,0.6715476190476191,0.010482990000127757,CatBoost,50,777,0.3433362109999507
0.71,0.7228260869565217,0.95,0.8209876543209876,0.6247619047619047,0.681976200000463,TabPFN,50,777,0.8419429199993829
0.655,0.75177304964539,0.7571428571428571,0.7544483985765125,0.6398809523809524,0.010094319999552681,XGBoost,75,777,0.05344653300016944
0.685,0.7730496453900709,0.7785714285714286,0.7758007117437722,0.621904761904762,0.009817976999329403,LightGBM,75,777,0.03089062799972453
0.695,0.7515923566878981,0.8428571428571429,0.7946127946127947,0.7083333333333333,0.010592766000627307,CatBoost,75,777,0.3486881050002921
0.65,0.7108433734939759,0.8428571428571429,0.7712418300653595,0.6689285714285714,0.6583329120003327,TabPFN,75,777,0.6347524669999984
0.695,0.7687074829931972,0.8071428571428572,0.7874564459930313,0.7101190476190476,0.010227943000245432,XGBoost,100,777,0.055632190000324044
0.695,0.7762237762237763,0.7928571428571428,0.784452296819788,0.7021428571428572,0.010454182000103174,LightGBM,100,777,0.03330991500024538
0.72,0.7530120481927711,0.8928571428571429,0.8169934640522876,0.7566666666666666,0.01081521200012503,CatBoost,100,777,0.34574108199922193
0.73,0.76875,0.8785714285714286,0.82,0.7504761904761904,0.7190619580005659,TabPFN,100,777,0.6282621020000079
0.685,0.7894736842105263,0.75,0.7692307692307693,0.7260714285714287,0.010094608999679622,XGBoost,150,777,0.06712254700050835
0.67,0.8083333333333333,0.6928571428571428,0.7461538461538462,0.7363095238095239,0.01188536099925841,LightGBM,150,777,0.04236874399975932
0.72,0.8,0.8,0.8,0.7677380952380952,0.01060332399993058,CatBoost,150,777,0.35416601300039474
0.725,0.7972027972027972,0.8142857142857143,0.8056537102473498,0.7629761904761905,0.6654520640004193,TabPFN,150,777,0.6408004040004016
0.735,0.8129496402877698,0.8071428571428572,0.8100358422939068,0.7386904761904762,0.009965035999812244,XGBoost,250,777,0.08191517300019768
0.71,0.7971014492753623,0.7857142857142857,0.7913669064748201,0.7183333333333333,0.012095360999410332,LightGBM,250,777,0.07022110799971415
0.77,0.79375,0.9071428571428571,0.8466666666666667,0.7789285714285713,0.01019432799967035,CatBoost,250,777,0.36231501499969454
0.715,0.7862068965517242,0.8142857142857143,0.8,0.7705952380952381,0.6494078260002425,TabPFN,250,777,0.6487701120004203
0.7,0.7857142857142857,0.7857142857142857,0.7857142857142857,0.7391666666666666,0.010178952000387653,XGBoost,500,777,0.09674664799968014
0.71,0.7887323943661971,0.8,0.7943262411347518,0.7302380952380952,0.01285134299996571,LightGBM,500,777,0.10646879900014028
0.705,0.7647058823529411,0.8357142857142857,0.7986348122866894,0.7544047619047619,0.011285984000096505,CatBoost,500,777,0.39033601299979637
0.74,0.8013698630136986,0.8357142857142857,0.8181818181818182,0.7775,0.6864105959994049,TabPFN,500,777,0.6714102719997754
0.73,0.8028169014084507,0.8142857142857143,0.8085106382978723,0.7544047619047619,0.010561746000348649,XGBoost,750,777,0.12314760600020236
0.73,0.7945205479452054,0.8285714285714286,0.8111888111888111,0.7552380952380952,0.012241291999998793,LightGBM,750,777,0.17808953900021152
0.725,0.7741935483870968,0.8571428571428571,0.8135593220338984,0.7638095238095237,0.022039600999960385,CatBoost,750,777,0.40933418399981747
0.76,0.815068493150685,0.85,0.8321678321678322,0.7801190476190477,0.6745633489999818,TabPFN,750,777,0.7034932010001285
0.7,0.7,1.0,0.8235294117647058,0.5339285714285714,0.009680090000074415,XGBoost,10,999,0.03689651200056687
0.7,0.7,1.0,0.8235294117647058,0.5,0.010903221999797097,LightGBM,10,999,0.015798549999999523
0.69,0.7142857142857143,0.9285714285714286,0.8074534161490683,0.6853571428571429,0.01133096299963654,CatBoost,10,999,0.26425499900051364
0.675,0.6984126984126984,0.9428571428571428,0.8024316109422492,0.6760714285714285,0.6683364689997688,TabPFN,10,999,0.6425390169997627
0.665,0.7039106145251397,0.9,0.7899686520376176,0.5964285714285714,0.009461507000196434,XGBoost,20,999,0.04306874699977925
0.7,0.7,1.0,0.8235294117647058,0.5,0.009356266999930085,LightGBM,20,999,0.01537987699975929
0.68,0.7134831460674157,0.9071428571428571,0.7987421383647799,0.7130952380952381,0.010850538000340748,CatBoost,20,999,0.32436762700035615
0.695,0.6984924623115578,0.9928571428571429,0.8200589970501475,0.6527380952380952,0.6639003669997692,TabPFN,20,999,0.6334594709996964
0.675,0.7388535031847133,0.8285714285714286,0.7811447811447811,0.660952380952381,0.00982294000004913,XGBoost,35,999,0.04613352999967901
0.7,0.7,1.0,0.8235294117647058,0.5,0.009651512999880651,LightGBM,35,999,0.01587010899947927
0.705,0.7647058823529411,0.8357142857142857,0.7986348122866894,0.7313095238095237,0.010568936999334255,CatBoost,35,999,0.3468561259996932
0.7,0.7531645569620253,0.85,0.7986577181208053,0.7130952380952381,0.6592274610002278,TabPFN,35,999,0.6370750530004443
0.725,0.7777777777777778,0.85,0.8122866894197952,0.742857142857143,0.009412946000338707,XGBoost,50,999,0.04695695699956559
0.67,0.7202380952380952,0.8642857142857143,0.7857142857142857,0.5966666666666667,0.01026080900010129,LightGBM,50,999,0.024991808999402565
0.735,0.7604790419161677,0.9071428571428571,0.8273615635179153,0.7523809523809524,0.010737870999946608,CatBoost,50,999,0.3470426009998846
0.685,0.7305389221556886,0.8714285714285714,0.7947882736156352,0.6778571428571428,0.6567517140001655,TabPFN,50,999,0.6750306129997625
0.725,0.7931034482758621,0.8214285714285714,0.8070175438596491,0.7097619047619048,0.00966565199996694,XGBoost,75,999,0.05457068600026105
0.71,0.7628205128205128,0.85,0.8040540540540541,0.6786309523809525,0.01001544799964904,LightGBM,75,999,0.028853994999735733
0.745,0.7633136094674556,0.9214285714285714,0.8349514563106796,0.7390476190476191,0.010691636000046856,CatBoost,75,999,0.34641105200080347
0.71,0.7329545454545454,0.9214285714285714,0.8164556962025317,0.7417857142857142,0.6732094809995033,TabPFN,75,999,0.626100397999835
0.68,0.7638888888888888,0.7857142857142857,0.7746478873239436,0.6935714285714286,0.009187191999444622,XGBoost,100,999,0.055567360000168264
0.745,0.8068965517241379,0.8357142857142857,0.8210526315789474,0.7542857142857143,0.010145954000108759,LightGBM,100,999,0.03307901800053514
0.76,0.7738095238095238,0.9285714285714286,0.8441558441558441,0.753095238095238,0.010815931000252021,CatBoost,100,999,0.3555783129995689
0.67,0.7681159420289855,0.7571428571428571,0.762589928057554,0.6673809523809523,0.6711079180004162,TabPFN,100,999,0.864693282999724
0.635,0.7445255474452555,0.7285714285714285,0.7364620938628159,0.6765476190476191,0.009929986999850371,XGBoost,150,999,0.07258333899972058
0.66,0.7571428571428571,0.7571428571428571,0.7571428571428571,0.6807142857142857,0.011832254999717406,LightGBM,150,999,0.044064357999559434
0.73,0.7443181818181818,0.9357142857142857,0.8291139240506329,0.7479761904761905,0.010432289000164019,CatBoost,150,999,0.3617770920000112
0.675,0.7483443708609272,0.8071428571428572,0.7766323024054983,0.7024999999999999,0.6744673240000338,TabPFN,150,999,0.6446716300006301
0.71,0.7628205128205128,0.85,0.8040540540540541,0.7221428571428571,0.009468897999795445,XGBoost,250,999,0.08029493499998352
0.69,0.7635135135135135,0.8071428571428572,0.7847222222222222,0.6970238095238094,0.012921240999276051,LightGBM,250,999,0.06239440999979706
0.74,0.7558139534883721,0.9285714285714286,0.8333333333333334,0.7761904761904763,0.011362090000147873,CatBoost,250,999,0.3951465339996503
0.695,0.7548387096774194,0.8357142857142857,0.7932203389830509,0.7428571428571428,0.6546053909996772,TabPFN,250,999,0.6581283109999276
0.685,0.7655172413793103,0.7928571428571428,0.7789473684210526,0.7207142857142856,0.010411573000055796,XGBoost,500,999,0.10961763200066343
0.725,0.7891156462585034,0.8285714285714286,0.8083623693379791,0.7316666666666668,0.01231759799975407,LightGBM,500,999,0.10736047299997153
0.745,0.779874213836478,0.8857142857142857,0.8294314381270903,0.7596428571428572,0.010511792999750469,CatBoost,500,999,0.37988773100005346
0.745,0.7947019867549668,0.8571428571428571,0.8247422680412371,0.7671428571428571,0.669929945000149,TabPFN,500,999,0.6496162630000981
0.72,0.7916666666666666,0.8142857142857143,0.8028169014084507,0.764047619047619,0.010921594000137702,XGBoost,750,999,0.11559237999972538
0.76,0.815068493150685,0.85,0.8321678321678322,0.770238095238095,0.012947105999955966,LightGBM,750,999,0.15508645800036902
0.755,0.7898089171974523,0.8857142857142857,0.835016835016835,0.7864285714285714,0.01066674400044576,CatBoost,750,999,0.4239671659997839
0.755,0.8181818181818182,0.8357142857142857,0.8268551236749117,0.7821428571428573,0.6917070869994859,TabPFN,750,999,0.6564289620000636
