Dataset,Samples,Metric,Model,Mean,Std,N
Adult,10,Accuracy,XGBoost,0.7606715119254785,0.0,5
Adult,10,Accuracy,LightGBM,0.7606715119254785,0.0,5
Adult,10,Accuracy,CatBoost,0.762657385607534,0.04348952295005049,5
Adult,10,Accuracy,TabPFN,0.7525847067253557,0.04193627611079726,5
Adult,10,Precision,XGBoost,0.0,0.0,5
Adult,10,Precision,LightGBM,0.0,0.0,5
Adult,10,Precision,CatBoost,0.5674775340238705,0.2812304919061023,5
Adult,10,Precision,TabPFN,0.4991880533710856,0.3442384898904125,5
Adult,10,Recall,XGBoost,0.0,0.0,5
Adult,10,Recall,LightGBM,0.0,0.0,5
Adult,10,Recall,CatBoost,0.14217279726261758,0.11793433890085861,5
Adult,10,Recall,TabPFN,0.1500427715996578,0.15968403113631327,5
Adult,10,F1,XGBoost,0.0,0.0,5
Adult,10,F1,LightGBM,0.0,0.0,5
Adult,10,F1,CatBoost,0.21404899832336072,0.15057843218067368,5
Adult,10,F1,TabPFN,0.1869070963349248,0.17422280687406533,5
Adult,10,ROC_AUC,XGBoost,0.5,0.0,5
Adult,10,ROC_AUC,LightGBM,0.5,0.0,5
Adult,10,ROC_AUC,CatBoost,0.7122340589022084,0.12999586722508116,5
Adult,10,ROC_AUC,TabPFN,0.7003607296048655,0.12008088835804914,5
Adult,20,Accuracy,XGBoost,0.766403930801515,0.026720500053049098,5
Adult,20,Accuracy,LightGBM,0.7606715119254785,0.0,5
Adult,20,Accuracy,CatBoost,0.7807145050670489,0.01814777819807324,5
Adult,20,Accuracy,TabPFN,0.760712457774593,0.036620834712875715,5
Adult,20,Precision,XGBoost,0.5138276724405352,0.10753233133639056,5
Adult,20,Precision,LightGBM,0.0,0.0,5
Adult,20,Precision,CatBoost,0.6040735364534694,0.09825451639987423,5
Adult,20,Precision,TabPFN,0.5292806308059215,0.11134011834951615,5
Adult,20,Recall,XGBoost,0.30153977758768175,0.1936573624365833,5
Adult,20,Recall,LightGBM,0.0,0.0,5
Adult,20,Recall,CatBoost,0.28665526090675786,0.16952435979155095,5
Adult,20,Recall,TabPFN,0.23977758768177931,0.15359965696013686,5
Adult,20,F1,XGBoost,0.35276505098266353,0.17047776887606475,5
Adult,20,F1,LightGBM,0.0,0.0,5
Adult,20,F1,CatBoost,0.36051750519096465,0.15352849854864098,5
Adult,20,F1,TabPFN,0.2971878438686974,0.17857278105605087,5
Adult,20,ROC_AUC,XGBoost,0.7541134237666889,0.07406911193382816,5
Adult,20,ROC_AUC,LightGBM,0.5,0.0,5
Adult,20,ROC_AUC,CatBoost,0.7580067789906086,0.05625612957373798,5
Adult,20,ROC_AUC,TabPFN,0.7201246045886196,0.0824991141522414,5
Adult,35,Accuracy,XGBoost,0.7662606203296141,0.022432641303513672,5
Adult,35,Accuracy,LightGBM,0.7606715119254785,0.0,5
Adult,35,Accuracy,CatBoost,0.7940423789538336,0.022225031043778178,5
Adult,35,Accuracy,TabPFN,0.7915856280069609,0.03008588386958346,5
Adult,35,Precision,XGBoost,0.5243195910191097,0.09771035019533374,5
Adult,35,Precision,LightGBM,0.0,0.0,5
Adult,35,Precision,CatBoost,0.7074996883071304,0.08372541050650444,5
Adult,35,Precision,TabPFN,0.6431792416439195,0.3824832842283208,5
Adult,35,Recall,XGBoost,0.3911890504704876,0.177942346324021,5
Adult,35,Recall,LightGBM,0.0,0.0,5
Adult,35,Recall,CatBoost,0.23669803250641572,0.16341734731760346,5
Adult,35,Recall,TabPFN,0.22035928143712571,0.2318949361334942,5
Adult,35,F1,XGBoost,0.42778791023521895,0.12171551945426096,5
Adult,35,F1,LightGBM,0.0,0.0,5
Adult,35,F1,CatBoost,0.3316783883560091,0.1680774465141339,5
Adult,35,F1,TabPFN,0.2797645475267377,0.27580311503229266,5
Adult,35,ROC_AUC,XGBoost,0.7473009111829977,0.08047442512493072,5
Adult,35,ROC_AUC,LightGBM,0.5,0.0,5
Adult,35,ROC_AUC,CatBoost,0.8163466250496872,0.029397317995967835,5
Adult,35,ROC_AUC,TabPFN,0.8189084026997623,0.03693410898511607,5
Adult,50,Accuracy,XGBoost,0.7849933462995189,0.019970364604736054,5
Adult,50,Accuracy,LightGBM,0.7711945951479169,0.015865757034249372,5
Adult,50,Accuracy,CatBoost,0.8057119459514791,0.008026652827605072,5
Adult,50,Accuracy,TabPFN,0.8076568737844202,0.012658286905675494,5
Adult,50,Precision,XGBoost,0.5847807699558152,0.08297079140845655,5
Adult,50,Precision,LightGBM,0.53886106879078,0.04699793149757785,5
Adult,50,Precision,CatBoost,0.7100153564123575,0.07842333252843824,5
Adult,50,Precision,TabPFN,0.689221163777768,0.06596823329119265,5
Adult,50,Recall,XGBoost,0.4485885372112917,0.17323538077734743,5
Adult,50,Recall,LightGBM,0.37313943541488453,0.12277557694686657,5
Adult,50,Recall,CatBoost,0.36655260906757914,0.1733419009979153,5
Adult,50,Recall,TabPFN,0.40290846877673225,0.19072560821170265,5
Adult,50,F1,XGBoost,0.4861002936659772,0.09370638000064313,5
Adult,50,F1,LightGBM,0.4295427609359507,0.08194235289862103,5
Adult,50,F1,CatBoost,0.4568254023488848,0.10583640931078092,5
Adult,50,F1,TabPFN,0.4818554913190397,0.11191990549102392,5
Adult,50,ROC_AUC,XGBoost,0.7920919968702078,0.036353411720077534,5
Adult,50,ROC_AUC,LightGBM,0.7682503267298956,0.032716574519810415,5
Adult,50,ROC_AUC,CatBoost,0.8227974237809633,0.03916808492104623,5
Adult,50,ROC_AUC,TabPFN,0.8428826699792641,0.027661716185113497,5
Adult,75,Accuracy,XGBoost,0.7815743678984542,0.01969999120482905,5
Adult,75,Accuracy,LightGBM,0.7782782270447334,0.01853082426058921,5
Adult,75,Accuracy,CatBoost,0.8136349677551438,0.00927165840321947,5
Adult,75,Accuracy,TabPFN,0.8172177295526666,0.018272672965969655,5
Adult,75,Precision,XGBoost,0.5680299838159942,0.08698111975844013,5
Adult,75,Precision,LightGBM,0.5530770221179212,0.05922120578405904,5
Adult,75,Precision,CatBoost,0.6909128971035937,0.07387174723939947,5
Adult,75,Precision,TabPFN,0.6747096899180179,0.0767136995949483,5
Adult,75,Recall,XGBoost,0.4555175363558597,0.12025781191135727,5
Adult,75,Recall,LightGBM,0.49076133447390935,0.12217997736162466,5
Adult,75,Recall,CatBoost,0.42403763900769886,0.09623020607372043,5
Adult,75,Recall,TabPFN,0.4852865697177074,0.14037512595028337,5
Adult,75,F1,XGBoost,0.49344489965622723,0.06564873581408756,5
Adult,75,F1,LightGBM,0.5080362807356696,0.06392264972786672,5
Adult,75,F1,CatBoost,0.516073288656688,0.06171715055709772,5
Adult,75,F1,TabPFN,0.5495195469378433,0.09951072227208693,5
Adult,75,ROC_AUC,XGBoost,0.7902558398975739,0.04111124460617785,5
Adult,75,ROC_AUC,LightGBM,0.7905248963403143,0.053700951892021655,5
Adult,75,ROC_AUC,CatBoost,0.840631488623192,0.03182442138734974,5
Adult,75,ROC_AUC,TabPFN,0.851332613623897,0.029450433805343002,5
Adult,100,Accuracy,XGBoost,0.7896816460231344,0.01969629412092455,5
Adult,100,Accuracy,LightGBM,0.7842358480908997,0.021713898810622953,5
Adult,100,Accuracy,CatBoost,0.8197154263486539,0.014776608975525601,5
Adult,100,Accuracy,TabPFN,0.8173815129491249,0.015297946800263213,5
Adult,100,Precision,XGBoost,0.5895108634625813,0.07780852953747992,5
Adult,100,Precision,LightGBM,0.5720738278299269,0.07070777398558717,5
Adult,100,Precision,CatBoost,0.6982165764948789,0.0850874059905162,5
Adult,100,Precision,TabPFN,0.6711618249207619,0.08337156477486903,5
Adult,100,Recall,XGBoost,0.4733105218135158,0.12612277942147315,5
Adult,100,Recall,LightGBM,0.4654405474764756,0.11910734770765906,5
Adult,100,Recall,CatBoost,0.4643284858853721,0.0832677475774331,5
Adult,100,Recall,TabPFN,0.5144568006843456,0.13049943794173616,5
Adult,100,F1,XGBoost,0.5110071069843178,0.07751476534657303,5
Adult,100,F1,LightGBM,0.5012017160687899,0.07803507498745456,5
Adult,100,F1,CatBoost,0.5488746191913637,0.050306636612224835,5
Adult,100,F1,TabPFN,0.5658925104694654,0.08167024641763015,5
Adult,100,ROC_AUC,XGBoost,0.7985872594162273,0.04726452531872195,5
Adult,100,ROC_AUC,LightGBM,0.7925524865834397,0.051683299972370554,5
Adult,100,ROC_AUC,CatBoost,0.8590712283259767,0.01441135220690067,5
Adult,100,ROC_AUC,TabPFN,0.8619097291891791,0.020919417472773108,5
Adult,150,Accuracy,XGBoost,0.8049749206674172,0.01608678855622266,5
Adult,150,Accuracy,LightGBM,0.7971337905619819,0.012663749199884368,5
Adult,150,Accuracy,CatBoost,0.8297471593817176,0.007953342537971227,5
Adult,150,Accuracy,TabPFN,0.827065206264715,0.010797793839887595,5
Adult,150,Precision,XGBoost,0.624842239096105,0.0748967089279474,5
Adult,150,Precision,LightGBM,0.5965178793938554,0.04666984645542706,5
Adult,150,Precision,CatBoost,0.7067371036042873,0.07705317174495432,5
Adult,150,Precision,TabPFN,0.6798509958905079,0.0741706945443628,5
Adult,150,Recall,XGBoost,0.5132591958939264,0.08307000059914922,5
Adult,150,Recall,LightGBM,0.5056458511548332,0.0965754874765365,5
Adult,150,Recall,CatBoost,0.5194183062446535,0.08117290147017978,5
Adult,150,Recall,TabPFN,0.5593669803250642,0.08915565280020396,5
Adult,150,F1,XGBoost,0.5549984075442541,0.03612833220380654,5
Adult,150,F1,LightGBM,0.5398849435203363,0.054310538443486,5
Adult,150,F1,CatBoost,0.5910027617153026,0.03315162301795976,5
Adult,150,F1,TabPFN,0.6051320011836931,0.029284402965012828,5
Adult,150,ROC_AUC,XGBoost,0.8347914932002309,0.015279293262983759,5
Adult,150,ROC_AUC,LightGBM,0.8125237154734881,0.03145045562700488,5
Adult,150,ROC_AUC,CatBoost,0.8724493915450718,0.0059462537171441395,5
Adult,150,ROC_AUC,TabPFN,0.8693438315133963,0.012296947409991009,5
Adult,250,Accuracy,XGBoost,0.8174634046473539,0.006235593741938395,5
Adult,250,Accuracy,LightGBM,0.8118947691677756,0.007021347596317018,5
Adult,250,Accuracy,CatBoost,0.8397379465656669,0.003989332036576852,5
Adult,250,Accuracy,TabPFN,0.8350905926911659,0.0061529568746642215,5
Adult,250,Precision,XGBoost,0.6479270143723761,0.019197073619491523,5
Adult,250,Precision,LightGBM,0.6358878813965878,0.030562492171638287,5
Adult,250,Precision,CatBoost,0.7381932350398327,0.05195121746337002,5
Adult,250,Precision,TabPFN,0.7021676779280756,0.04296972501865593,5
Adult,250,Recall,XGBoost,0.5219846022241231,0.043733411622481164,5
Adult,250,Recall,LightGBM,0.5076133447390933,0.03991463463334294,5
Adult,250,Recall,CatBoost,0.5220701454234389,0.05919008362629902,5
Adult,250,Recall,TabPFN,0.5497005988023952,0.05703829761224845,5
Adult,250,F1,XGBoost,0.5770792570322036,0.02608288762426951,5
Adult,250,F1,LightGBM,0.5630470880932397,0.020911165984346853,5
Adult,250,F1,CatBoost,0.6076925576076277,0.02982682678074376,5
Adult,250,F1,TabPFN,0.6134702066857993,0.027407995327843937,5
Adult,250,ROC_AUC,XGBoost,0.8553515208466509,0.0070032460645561906,5
Adult,250,ROC_AUC,LightGBM,0.8481842704808965,0.009302575042051897,5
Adult,250,ROC_AUC,CatBoost,0.8880727270299358,0.003529290794552523,5
Adult,250,ROC_AUC,TabPFN,0.8860939347442722,0.005744058216934244,5
Adult,500,Accuracy,XGBoost,0.8269628416419286,0.005897126325152672,5
Adult,500,Accuracy,LightGBM,0.8279864878697923,0.0049138217727793514,5
Adult,500,Accuracy,CatBoost,0.8483775207288362,0.0009935170894504132,5
Adult,500,Accuracy,TabPFN,0.8439144231753506,0.003308610835881751,5
Adult,500,Precision,XGBoost,0.6604899339298147,0.012182964100035838,5
Adult,500,Precision,LightGBM,0.6674316711340053,0.018896064762128028,5
Adult,500,Precision,CatBoost,0.7378022948053998,0.021327904371081178,5
Adult,500,Precision,TabPFN,0.714090813781364,0.031325357937786645,5
Adult,500,Recall,XGBoost,0.5701454234388367,0.03467402600429639,5
Adult,500,Recall,LightGBM,0.563130881094953,0.03288076286437582,5
Adult,500,Recall,CatBoost,0.5706586826347305,0.028402725430009823,5
Adult,500,Recall,TabPFN,0.5856287425149701,0.048088480602067975,5
Adult,500,F1,XGBoost,0.6115619900280533,0.02150572556262355,5
Adult,500,F1,LightGBM,0.6101008003915102,0.015992344860023804,5
Adult,500,F1,CatBoost,0.642771978061466,0.010290348969102251,5
Adult,500,F1,TabPFN,0.6415438871137299,0.019695951522925834,5
Adult,500,ROC_AUC,XGBoost,0.8686966743599139,0.005444795517133737,5
Adult,500,ROC_AUC,LightGBM,0.8707514033585749,0.006466366369477332,5
Adult,500,ROC_AUC,CatBoost,0.8967675123252544,0.001997568995785841,5
Adult,500,ROC_AUC,TabPFN,0.8954746830233645,0.003218852357471039,5
Adult,750,Accuracy,XGBoost,0.8348039717473641,0.0011034507505957105,5
Adult,750,Accuracy,LightGBM,0.8376701811853824,0.001817368493902905,5
Adult,750,Accuracy,CatBoost,0.8513051489405262,0.0008208340750017011,5
Adult,750,Accuracy,TabPFN,0.8476814412938888,0.0020840693081689604,5
Adult,750,Precision,XGBoost,0.6766715633004787,0.006208074002190685,5
Adult,750,Precision,LightGBM,0.688197977680946,0.010048118928487306,5
Adult,750,Precision,CatBoost,0.7481578040143122,0.018697530035014107,5
Adult,750,Precision,TabPFN,0.7264213547342248,0.017013930876988038,5
Adult,750,Recall,XGBoost,0.5937553464499572,0.02248134844979177,5
Adult,750,Recall,LightGBM,0.5890504704875962,0.021497569347115955,5
Adult,750,Recall,CatBoost,0.5723695466210436,0.023985297164834357,5
Adult,750,Recall,TabPFN,0.5848588537211291,0.03016929277582783,5
Adult,750,F1,XGBoost,0.6322309652873483,0.01026007863455426,5
Adult,750,F1,LightGBM,0.6344716705760377,0.009443292134874704,5
Adult,750,F1,CatBoost,0.6479962792230525,0.008819016451692184,5
Adult,750,F1,TabPFN,0.6473091749515758,0.013135262521257475,5
Adult,750,ROC_AUC,XGBoost,0.87485999222502,0.002468532363996574,5
Adult,750,ROC_AUC,LightGBM,0.8799396592937893,0.0016289103806522306,5
Adult,750,ROC_AUC,CatBoost,0.901003938256482,0.003012886436608514,5
Adult,750,ROC_AUC,TabPFN,0.8987969962376419,0.002497846102001295,5
Adult,1000,Accuracy,XGBoost,0.8371174122223358,0.0035248228918712578,5
Adult,1000,Accuracy,LightGBM,0.8363189681646024,0.0016185267991444367,5
Adult,1000,Accuracy,CatBoost,0.8527791995086498,0.0011385044703367264,5
Adult,1000,Accuracy,TabPFN,0.846944416009827,0.0033149388723333942,5
Adult,1000,Precision,XGBoost,0.6839582079096591,0.017557749854137293,5
Adult,1000,Precision,LightGBM,0.6815690301880116,0.009281898573967618,5
Adult,1000,Precision,CatBoost,0.7463262734876416,0.014822355954297314,5
Adult,1000,Precision,TabPFN,0.7261442503441329,0.008007766330345872,5
Adult,1000,Recall,XGBoost,0.5954662104362703,0.016513936827350938,5
Adult,1000,Recall,LightGBM,0.5940119760479042,0.0207241531557611,5
Adult,1000,Recall,CatBoost,0.5839178785286568,0.01636370078090701,5
Adult,1000,Recall,TabPFN,0.5792985457656117,0.0299807252451041,5
Adult,1000,F1,XGBoost,0.6363095499880022,0.004387545371037312,5
Adult,1000,F1,LightGBM,0.6345070377332653,0.008881063637068934,5
Adult,1000,F1,CatBoost,0.6549132634598186,0.004833045192064971,5
Adult,1000,F1,TabPFN,0.6439909429220736,0.016808126352016835,5
Adult,1000,ROC_AUC,XGBoost,0.8810246742226949,0.003894598754065661,5
Adult,1000,ROC_AUC,LightGBM,0.8832272590754819,0.0020194573790697735,5
Adult,1000,ROC_AUC,CatBoost,0.9029006638663384,0.002330755615189575,5
Adult,1000,ROC_AUC,TabPFN,0.9002820128242277,0.0016125985929187224,5
Adult,1500,Accuracy,XGBoost,0.8401883509059269,0.0036389147649977865,5
Adult,1500,Accuracy,LightGBM,0.8415395639267069,0.00223098523059715,5
Adult,1500,Accuracy,CatBoost,0.8551335858327362,0.0006409039141160098,5
Adult,1500,Accuracy,TabPFN,0.851673661582557,0.0016265993020852748,5
Adult,1500,Precision,XGBoost,0.6885648256298499,0.013665288451626727,5
Adult,1500,Precision,LightGBM,0.6950364891082442,0.012886737397532709,5
Adult,1500,Precision,CatBoost,0.754620784391301,0.012921292540735116,5
Adult,1500,Precision,TabPFN,0.7405681730085343,0.01628747906508054,5
Adult,1500,Recall,XGBoost,0.6073567151411462,0.010406779350381914,5
Adult,1500,Recall,LightGBM,0.602994011976048,0.015068720469647228,5
Adult,1500,Recall,CatBoost,0.5857142857142856,0.02129493098554927,5
Adult,1500,Recall,TabPFN,0.5863986313088109,0.018616704185475078,5
Adult,1500,F1,XGBoost,0.6452820959714476,0.005794153022854011,5
Adult,1500,F1,LightGBM,0.6455205270803374,0.004737248425313272,5
Adult,1500,F1,CatBoost,0.6591584509725527,0.008551635503573116,5
Adult,1500,F1,TabPFN,0.6541618936940548,0.005624517716574545,5
Adult,1500,ROC_AUC,XGBoost,0.8859473912202127,0.0037714296122419496,5
Adult,1500,ROC_AUC,LightGBM,0.8892502382051746,0.003041549758948096,5
Adult,1500,ROC_AUC,CatBoost,0.906375005914119,0.0018875067304110964,5
Adult,1500,ROC_AUC,TabPFN,0.9043705080754922,0.0018898098335817005,5
Adult,2000,Accuracy,XGBoost,0.842071859965196,0.002289400293154732,5
Adult,2000,Accuracy,LightGBM,0.8460640802538641,0.0025890358599380686,5
Adult,2000,Accuracy,CatBoost,0.8578155389497389,0.0018777701226168476,5
Adult,2000,Accuracy,TabPFN,0.8543351417750026,0.0025734067130671625,5
Adult,2000,Precision,XGBoost,0.6948180116869761,0.009759272151301814,5
Adult,2000,Precision,LightGBM,0.7077977969147241,0.010837642402443289,5
Adult,2000,Precision,CatBoost,0.7612417675599443,0.012440082616129916,5
Adult,2000,Precision,TabPFN,0.7459649734450062,0.012313689484872117,5
Adult,2000,Recall,XGBoost,0.606928999144568,0.008419597812245279,5
Adult,2000,Recall,LightGBM,0.6081266039349872,0.01221202201864359,5
Adult,2000,Recall,CatBoost,0.5919589392643284,0.016222225208308717,5
Adult,2000,Recall,TabPFN,0.593840889649273,0.007654802014773542,5
Adult,2000,F1,XGBoost,0.6478216205115729,0.0036203056028376156,5
Adult,2000,F1,LightGBM,0.654061759990958,0.005988227202219198,5
Adult,2000,F1,CatBoost,0.6657815873775325,0.007248138686360062,5
Adult,2000,F1,TabPFN,0.6611767365099046,0.004304703526043669,5
Adult,2000,ROC_AUC,XGBoost,0.8897609763459414,0.0036677841843323084,5
Adult,2000,ROC_AUC,LightGBM,0.8953134103210616,0.0029596108331707417,5
Adult,2000,ROC_AUC,CatBoost,0.9090803282989359,0.0016616744724804052,5
Adult,2000,ROC_AUC,TabPFN,0.9062952933742642,0.002272008689759255,5
Adult,3000,Accuracy,XGBoost,0.8491554918620124,0.002745395519319854,5
Adult,3000,Accuracy,LightGBM,0.8510799467703961,0.0022267540884313413,5
Adult,3000,Accuracy,CatBoost,0.8606612754631999,0.0018173684939029344,5
Adult,3000,Accuracy,TabPFN,0.8565462176271881,0.002405677531549678,5
Adult,3000,Precision,XGBoost,0.7116567793365796,0.01139116985590466,5
Adult,3000,Precision,LightGBM,0.7230531547105895,0.011512091193071321,5
Adult,3000,Precision,CatBoost,0.7661687604262358,0.0162094895641111,5
Adult,3000,Precision,TabPFN,0.7434008596605748,0.013415497268788022,5
Adult,3000,Recall,XGBoost,0.6222412318220701,0.02066669522117569,5
Adult,3000,Recall,LightGBM,0.6130881094952951,0.023957059854661157,5
Adult,3000,Recall,CatBoost,0.6023096663815227,0.02116092203559046,5
Adult,3000,Recall,TabPFN,0.6123182207014543,0.009900493610117024,5
Adult,3000,F1,XGBoost,0.663684543944578,0.009524967294475427,5
Adult,3000,F1,LightGBM,0.6631814790953249,0.01066758368780815,5
Adult,3000,F1,CatBoost,0.6740278405627698,0.008397302777068922,5
Adult,3000,F1,TabPFN,0.6713817285997545,0.003513253758075867,5
Adult,3000,ROC_AUC,XGBoost,0.8975088579401552,0.003957299431651174,5
Adult,3000,ROC_AUC,LightGBM,0.9030950095886432,0.0023603807074791504,5
Adult,3000,ROC_AUC,CatBoost,0.9111887937603079,0.0018973301922800782,5
Adult,3000,ROC_AUC,TabPFN,0.908425268385888,0.0015965717934235603,5
Adult,4000,Accuracy,XGBoost,0.8501586651653188,0.0034153600116518332,5
Adult,4000,Accuracy,LightGBM,0.854969802436278,0.004461618186462267,5
Adult,4000,Accuracy,CatBoost,0.8622991094277817,0.003180230123978087,5
Adult,4000,Accuracy,TabPFN,0.8572627699866926,0.002488113191101528,5
Adult,4000,Precision,XGBoost,0.7138107210052341,0.010656931360951654,5
Adult,4000,Precision,LightGBM,0.7296711679926926,0.01628279366679752,5
Adult,4000,Precision,CatBoost,0.7643587249194121,0.011879255897757245,5
Adult,4000,Precision,TabPFN,0.7460773700442745,0.008786286731979719,5
Adult,4000,Recall,XGBoost,0.6245508982035928,0.01796763580272787,5
Adult,4000,Recall,LightGBM,0.6266894781864842,0.019028315091051202,5
Adult,4000,Recall,CatBoost,0.6142001710863986,0.013103057041950727,5
Adult,4000,Recall,TabPFN,0.6120615911035072,0.014111387242364085,5
Adult,4000,F1,XGBoost,0.6660331693012358,0.009893797732926847,5
Adult,4000,F1,LightGBM,0.6740184307737067,0.010704260879458081,5
Adult,4000,F1,CatBoost,0.680982433389232,0.008217992461591715,5
Adult,4000,F1,TabPFN,0.6723403929658003,0.007838500097401693,5
Adult,4000,ROC_AUC,XGBoost,0.9017824320215905,0.003906572813326453,5
Adult,4000,ROC_AUC,LightGBM,0.9068048227899699,0.0031945922422340033,5
Adult,4000,ROC_AUC,CatBoost,0.9136306083259974,0.0016829983524132425,5
Adult,4000,ROC_AUC,TabPFN,0.9097692325136911,0.0011140966132702826,5
Adult,6000,Accuracy,XGBoost,0.8549288565871634,0.0020883386599037865,5
Adult,6000,Accuracy,LightGBM,0.8591462790459617,0.0021214435229872644,5
Adult,6000,Accuracy,CatBoost,0.8662708567918926,0.0007187425399341501,5
Adult,6000,Accuracy,TabPFN,0.8594943187634353,0.0016907214922356566,5
Adult,6000,Precision,XGBoost,0.7260935364723353,0.008258126838971586,5
Adult,6000,Precision,LightGBM,0.7381751718363467,0.009735248886149506,5
Adult,6000,Precision,CatBoost,0.7718716788369082,0.006216409539708282,5
Adult,6000,Precision,TabPFN,0.7504216337336962,0.0077754212507272,5
Adult,6000,Recall,XGBoost,0.63267750213858,0.011962291989864695,5
Adult,6000,Recall,LightGBM,0.6379811804961506,0.012686664994659752,5
Adult,6000,Recall,CatBoost,0.626518391787853,0.010009833730454446,5
Adult,6000,Recall,TabPFN,0.6189050470487596,0.011795194382495908,5
Adult,6000,F1,XGBoost,0.6760787766149268,0.005779422048269483,5
Adult,6000,F1,LightGBM,0.6843098599965948,0.0056200320039517995,5
Adult,6000,F1,CatBoost,0.6915648968892875,0.004021447094279437,5
Adult,6000,F1,TabPFN,0.6782515236952517,0.005678317919079837,5
Adult,6000,ROC_AUC,XGBoost,0.9082063394981764,0.002596655980798018,5
Adult,6000,ROC_AUC,LightGBM,0.913573544991452,0.0024567366281086664,5
Adult,6000,ROC_AUC,CatBoost,0.9181897178018378,0.0005156498205939079,5
Adult,6000,ROC_AUC,TabPFN,0.91220555025827,0.0014264294309072963,5
Adult,8000,Accuracy,XGBoost,0.8573856075340363,0.003922983105565013,5
Adult,8000,Accuracy,LightGBM,0.8631589722591873,0.0007570831031671493,5
Adult,8000,Accuracy,CatBoost,0.8671716654724128,0.0010302784432458714,5
Adult,8000,Accuracy,TabPFN,0.8596581021598937,0.0012723720846203365,5
Adult,8000,Precision,XGBoost,0.733583091772992,0.011494261556992413,5
Adult,8000,Precision,LightGBM,0.7520235843490573,0.007938014417017808,5
Adult,8000,Precision,CatBoost,0.7746300002150877,0.0029403380803584506,5
Adult,8000,Precision,TabPFN,0.7514902717910612,0.006145155455625148,5
Adult,8000,Recall,XGBoost,0.6348160821214713,0.01388398012164341,5
Adult,8000,Recall,LightGBM,0.6391787852865697,0.00981233073604548,5
Adult,8000,Recall,CatBoost,0.6276304533789563,0.008330036694720417,5
Adult,8000,Recall,TabPFN,0.6180496150556031,0.0034083356395443187,5
Adult,8000,F1,XGBoost,0.6805407172608904,0.009471229695821318,5
Adult,8000,F1,LightGBM,0.6909340357756838,0.002572318263322467,5
Adult,8000,F1,CatBoost,0.6933891836369985,0.004337302820384739,5
Adult,8000,F1,TabPFN,0.6782471344213209,0.0017214876696397374,5
Adult,8000,ROC_AUC,XGBoost,0.9109986037498794,0.002702188935770671,5
Adult,8000,ROC_AUC,LightGBM,0.9169324940867444,0.0025554862858286386,5
Adult,8000,ROC_AUC,CatBoost,0.9204470003415512,0.0003798797094805953,5
Adult,8000,ROC_AUC,TabPFN,0.9127878506784806,0.0009935854904984656,5
Adult,12000,Accuracy,XGBoost,0.8620329614085372,0.0016012785094287325,5
Adult,12000,Accuracy,LightGBM,0.8656566690551746,0.001012323498010155,5
Adult,12000,Accuracy,CatBoost,0.8705087521752481,0.0014385780860431058,5
Adult,12000,Accuracy,TabPFN,0.8607841130105436,0.0013941896275848499,5
Adult,12000,Precision,XGBoost,0.7455638078576428,0.0038825956327781293,5
Adult,12000,Precision,LightGBM,0.7573862220165056,0.006667115433152206,5
Adult,12000,Precision,CatBoost,0.7822893573183881,0.0037903264005959736,5
Adult,12000,Precision,TabPFN,0.7544095034451577,0.005243692359887114,5
Adult,12000,Recall,XGBoost,0.6429426860564585,0.004323952765132646,5
Adult,12000,Recall,LightGBM,0.6455945252352439,0.00916650365372229,5
Adult,12000,Recall,CatBoost,0.6359281437125748,0.005337031910116014,5
Adult,12000,Recall,TabPFN,0.6202737382378101,0.00542204891883512,5
Adult,12000,F1,XGBoost,0.6904572284821793,0.0037789760196416137,5
Adult,12000,F1,LightGBM,0.6969685796739077,0.0033768363532309578,5
Adult,12000,F1,CatBoost,0.7015454733787514,0.003833658779128658,5
Adult,12000,F1,TabPFN,0.6807757360515476,0.0033563499464153795,5
Adult,12000,ROC_AUC,XGBoost,0.9155318695327495,0.0016944246135318704,5
Adult,12000,ROC_AUC,LightGBM,0.9207374224387029,0.0012646034391024029,5
Adult,12000,ROC_AUC,CatBoost,0.9230251590941192,0.0008324096211673112,5
Adult,12000,ROC_AUC,TabPFN,0.9141423594934821,0.000597540845411395,5
Adult,16000,Accuracy,XGBoost,0.864346401883509,0.0018188093634655864,5
Adult,16000,Accuracy,LightGBM,0.8691370662299109,0.001972478894723542,5
Adult,16000,Accuracy,CatBoost,0.8719623298188146,0.0014681385291683785,5
Adult,16000,Accuracy,TabPFN,0.8614392465963763,0.0010967833134182792,5
Adult,16000,Precision,XGBoost,0.7480868492275358,0.005737367855122611,5
Adult,16000,Precision,LightGBM,0.7666685848234369,0.005747532848413482,5
Adult,16000,Precision,CatBoost,0.783546031932085,0.0014742298629630511,5
Adult,16000,Precision,TabPFN,0.755371982906185,0.0025884104906841827,5
Adult,16000,Recall,XGBoost,0.653207869974337,0.007981230923386323,5
Adult,16000,Recall,LightGBM,0.6515825491873397,0.011318726249113897,5
Adult,16000,Recall,CatBoost,0.6425149700598801,0.008927899095179173,5
Adult,16000,Recall,TabPFN,0.622754491017964,0.009037872801161423,5
Adult,16000,F1,XGBoost,0.6974012772415306,0.004716559075504411,5
Adult,16000,F1,LightGBM,0.704393276683421,0.006233704666922657,5
Adult,16000,F1,CatBoost,0.7060269487040373,0.005231000346923362,5
Adult,16000,F1,TabPFN,0.6826423806731645,0.0047833211335135545,5
Adult,16000,ROC_AUC,XGBoost,0.9188991876101305,0.0013978779696543083,5
Adult,16000,ROC_AUC,LightGBM,0.92293762437637,0.0015216700222727773,5
Adult,16000,ROC_AUC,CatBoost,0.9249871846364368,0.00040672471188831904,5
Adult,16000,ROC_AUC,TabPFN,0.914775161597907,0.0005116470490371233,5
Adult,24000,Accuracy,XGBoost,0.8679905824547036,0.0020582672367965914,5
Adult,24000,Accuracy,LightGBM,0.8727198280274336,0.0012879243310514087,5
Adult,24000,Accuracy,CatBoost,0.8732111782168083,0.0008303531493775425,5
Adult,24000,Accuracy,TabPFN,0.862176271880438,0.0008397643280578922,5
Adult,24000,Precision,XGBoost,0.7612439455707382,0.006462259975978398,5
Adult,24000,Precision,LightGBM,0.7800272417364162,0.0038001236548383588,5
Adult,24000,Precision,CatBoost,0.787058630253522,0.0018062638073610886,5
Adult,24000,Precision,TabPFN,0.7589073239850013,0.003911954161203981,5
Adult,24000,Recall,XGBoost,0.6533789563729684,0.003151776463120718,5
Adult,24000,Recall,LightGBM,0.6520958083832336,0.006261329784487726,5
Adult,24000,Recall,CatBoost,0.6446535500427716,0.005405152495953468,5
Adult,24000,Recall,TabPFN,0.6216424294268605,0.004956709873675991,5
Adult,24000,F1,XGBoost,0.7031913038038706,0.0039830361296569715,5
Adult,24000,F1,LightGBM,0.7103283236481972,0.003704720438223054,5
Adult,24000,F1,CatBoost,0.7087608315168347,0.0029753561527079975,5
Adult,24000,F1,TabPFN,0.6834320403647179,0.002435351345825811,5
Adult,24000,ROC_AUC,XGBoost,0.9221456964955838,0.001054171219274616,5
Adult,24000,ROC_AUC,LightGBM,0.9262718233870801,0.0009747905704589956,5
Adult,24000,ROC_AUC,CatBoost,0.9268487766378541,0.0010050895816956598,5
Adult,24000,ROC_AUC,TabPFN,0.9162691400174449,0.000350269369422433,5
Adult,32000,Accuracy,XGBoost,0.8710615211382946,0.001353382649690941,5
Adult,32000,Accuracy,LightGBM,0.8741529327464429,0.0008112033066294977,5
Adult,32000,Accuracy,CatBoost,0.8749718497287338,0.0012612052681962285,5
Adult,32000,Accuracy,TabPFN,0.8630156617872864,0.0004930533147217725,5
Adult,32000,Precision,XGBoost,0.7695934502513139,0.005091901635380481,5
Adult,32000,Precision,LightGBM,0.7841225333871257,0.002780005301433193,5
Adult,32000,Precision,CatBoost,0.792166821239914,0.004502322789568825,5
Adult,32000,Precision,TabPFN,0.7620349710148604,0.0016268109446314343,5
Adult,32000,Recall,XGBoost,0.658426005132592,0.00728122889261477,5
Adult,32000,Recall,LightGBM,0.6543199315654405,0.0038423087564543467,5
Adult,32000,Recall,CatBoost,0.6474764756201882,0.001186863723311538,5
Adult,32000,Recall,TabPFN,0.6218135158254918,0.0029848325615685154,5
Adult,32000,F1,XGBoost,0.7096500155834139,0.0037636145374730294,5
Adult,32000,F1,LightGBM,0.7133562029884775,0.002221158333709944,5
Adult,32000,F1,CatBoost,0.7125475606508695,0.0023604090941774262,5
Adult,32000,F1,TabPFN,0.6848152169036117,0.0016450853074478217,5
Adult,32000,ROC_AUC,XGBoost,0.9253783971361734,0.0007156300023861912,5
Adult,32000,ROC_AUC,LightGBM,0.9278697176268604,0.0005933052206795302,5
Adult,32000,ROC_AUC,CatBoost,0.9283971822201377,0.00039997143654843157,5
Adult,32000,ROC_AUC,TabPFN,0.917265900749398,0.00024714490143671426,5
Bank Marketing,10,Accuracy,XGBoost,0.8830034280659074,0.0,5
Bank Marketing,10,Accuracy,LightGBM,0.8830034280659074,0.0,5
Bank Marketing,10,Accuracy,CatBoost,0.8824947473183679,0.00025458065759642503,5
Bank Marketing,10,Accuracy,TabPFN,0.8664381289395113,0.02141032097588074,5
Bank Marketing,10,Precision,XGBoost,0.0,0.0,5
Bank Marketing,10,Precision,LightGBM,0.0,0.0,5
Bank Marketing,10,Precision,CatBoost,0.2941106719367589,0.07785660570910448,5
Bank Marketing,10,Precision,TabPFN,0.31451080667782894,0.3967747666196774,5
Bank Marketing,10,Recall,XGBoost,0.0,0.0,5
Bank Marketing,10,Recall,LightGBM,0.0,0.0,5
Bank Marketing,10,Recall,CatBoost,0.0037807183364838596,0.0031348060400334626,5
Bank Marketing,10,Recall,TabPFN,0.03270321361058598,0.030638984319132728,5
Bank Marketing,10,F1,XGBoost,0.0,0.0,5
Bank Marketing,10,F1,LightGBM,0.0,0.0,5
Bank Marketing,10,F1,CatBoost,0.00743311172524958,0.00612512885872817,5
Bank Marketing,10,F1,TabPFN,0.04835881572552171,0.04321747822272539,5
Bank Marketing,10,ROC_AUC,XGBoost,0.5,0.0,5
Bank Marketing,10,ROC_AUC,LightGBM,0.5,0.0,5
Bank Marketing,10,ROC_AUC,CatBoost,0.6217244171195282,0.08726928970203209,5
Bank Marketing,10,ROC_AUC,TabPFN,0.6162906820799396,0.11081744629063042,5
Bank Marketing,20,Accuracy,XGBoost,0.8830034280659074,0.0,5
Bank Marketing,20,Accuracy,LightGBM,0.8830034280659074,0.0,5
Bank Marketing,20,Accuracy,CatBoost,0.8831140108371116,0.0006006181848501588,5
Bank Marketing,20,Accuracy,TabPFN,0.8826274466438129,0.0008407200180802343,5
Bank Marketing,20,Precision,XGBoost,0.0,0.0,5
Bank Marketing,20,Precision,LightGBM,0.0,0.0,5
Bank Marketing,20,Precision,CatBoost,0.4286363636363636,0.30254051326578696,5
Bank Marketing,20,Precision,TabPFN,0.06666666666666667,0.14907119849998599,5
Bank Marketing,20,Recall,XGBoost,0.0,0.0,5
Bank Marketing,20,Recall,LightGBM,0.0,0.0,5
Bank Marketing,20,Recall,CatBoost,0.0090737240075614,0.009154102089076193,5
Bank Marketing,20,Recall,TabPFN,0.00321361058601134,0.0071858517235342916,5
Bank Marketing,20,F1,XGBoost,0.0,0.0,5
Bank Marketing,20,F1,LightGBM,0.0,0.0,5
Bank Marketing,20,F1,CatBoost,0.01760796749832372,0.0176351503019943,5
Bank Marketing,20,F1,TabPFN,0.00613165013525698,0.013710786516680387,5
Bank Marketing,20,ROC_AUC,XGBoost,0.5,0.0,5
Bank Marketing,20,ROC_AUC,LightGBM,0.5,0.0,5
Bank Marketing,20,ROC_AUC,CatBoost,0.6833568257117255,0.04533902950556552,5
Bank Marketing,20,ROC_AUC,TabPFN,0.7092472653711531,0.07031760420888641,5
Bank Marketing,35,Accuracy,XGBoost,0.861351321464116,0.02316404208269216,5
Bank Marketing,35,Accuracy,LightGBM,0.8830034280659074,0.0,5
Bank Marketing,35,Accuracy,CatBoost,0.8852814331527148,0.0033981493628022375,5
Bank Marketing,35,Accuracy,TabPFN,0.8832688267167976,0.0009138981980048309,5
Bank Marketing,35,Precision,XGBoost,0.2957821988828197,0.18412408923563334,5
Bank Marketing,35,Precision,LightGBM,0.0,0.0,5
Bank Marketing,35,Precision,CatBoost,0.6293480790519801,0.1067023639853738,5
Bank Marketing,35,Precision,TabPFN,0.35491270233971867,0.333172211673126,5
Bank Marketing,35,Recall,XGBoost,0.09886578449905478,0.05161234450977589,5
Bank Marketing,35,Recall,LightGBM,0.0,0.0,5
Bank Marketing,35,Recall,CatBoost,0.037429111531190884,0.04459705446172583,5
Bank Marketing,35,Recall,TabPFN,0.021172022684309982,0.025612448396695308,5
Bank Marketing,35,F1,XGBoost,0.13949151465335283,0.06688265131383304,5
Bank Marketing,35,F1,LightGBM,0.0,0.0,5
Bank Marketing,35,F1,CatBoost,0.06743729937486376,0.0761713413314422,5
Bank Marketing,35,F1,TabPFN,0.038825771308404144,0.04531248858583721,5
Bank Marketing,35,ROC_AUC,XGBoost,0.6525892830721118,0.11575676346570903,5
Bank Marketing,35,ROC_AUC,LightGBM,0.5,0.0,5
Bank Marketing,35,ROC_AUC,CatBoost,0.7199164075363425,0.04718107364412194,5
Bank Marketing,35,ROC_AUC,TabPFN,0.7583264935553785,0.0642759284517606,5
Bank Marketing,50,Accuracy,XGBoost,0.8648457370341701,0.009186160790354935,5
Bank Marketing,50,Accuracy,LightGBM,0.873073095211766,0.0044518321879628625,5
Bank Marketing,50,Accuracy,CatBoost,0.8876700210107267,0.004770079837771357,5
Bank Marketing,50,Accuracy,TabPFN,0.8843525378745992,0.005083440798684844,5
Bank Marketing,50,Precision,XGBoost,0.3145994204581933,0.09156826265779344,5
Bank Marketing,50,Precision,LightGBM,0.31452195233664926,0.0661014511929182,5
Bank Marketing,50,Precision,CatBoost,0.6242045061697393,0.13538228724682128,5
Bank Marketing,50,Precision,TabPFN,0.41201370301050205,0.24559779886529934,5
Bank Marketing,50,Recall,XGBoost,0.13950850661625708,0.07085569500734981,5
Bank Marketing,50,Recall,LightGBM,0.07939508506616254,0.042348897575084796,5
Bank Marketing,50,Recall,CatBoost,0.0809073724007561,0.07041302438993684,5
Bank Marketing,50,Recall,TabPFN,0.10756143667296784,0.09067174305926126,5
Bank Marketing,50,F1,XGBoost,0.18956371963818086,0.08052360393281689,5
Bank Marketing,50,F1,LightGBM,0.12391870271654759,0.059541115341257445,5
Bank Marketing,50,F1,CatBoost,0.13640802487910483,0.10814797163786048,5
Bank Marketing,50,F1,TabPFN,0.16480818169306571,0.13012882065463643,5
Bank Marketing,50,ROC_AUC,XGBoost,0.7011103759056737,0.0447903535922352,5
Bank Marketing,50,ROC_AUC,LightGBM,0.7441548011216683,0.03137568725127526,5
Bank Marketing,50,ROC_AUC,CatBoost,0.7636467241862992,0.022747874037265397,5
Bank Marketing,50,ROC_AUC,TabPFN,0.7790470790577324,0.050387799217049285,5
Bank Marketing,75,Accuracy,XGBoost,0.8736923587305098,0.010510134700432295,5
Bank Marketing,75,Accuracy,LightGBM,0.8554904345902908,0.007296535824055774,5
Bank Marketing,75,Accuracy,CatBoost,0.8865199601902024,0.004676879954631472,5
Bank Marketing,75,Accuracy,TabPFN,0.8855247152493642,0.005813436304378335,5
Bank Marketing,75,Precision,XGBoost,0.4097357700449571,0.10905137916393247,5
Bank Marketing,75,Precision,LightGBM,0.2742282010248748,0.040187699563955785,5
Bank Marketing,75,Precision,CatBoost,0.5913363799011209,0.13064296715092935,5
Bank Marketing,75,Precision,TabPFN,0.5297395548977838,0.10528947378476007,5
Bank Marketing,75,Recall,XGBoost,0.16313799621928163,0.03975713413628886,5
Bank Marketing,75,Recall,LightGBM,0.14820415879017007,0.05081340298110615,5
Bank Marketing,75,Recall,CatBoost,0.0869565217391304,0.0667774560267351,5
Bank Marketing,75,Recall,TabPFN,0.1589792060491493,0.10894276176587356,5
Bank Marketing,75,F1,XGBoost,0.23157045962843217,0.05276009672500776,5
Bank Marketing,75,F1,LightGBM,0.1899248085204342,0.05501011905196405,5
Bank Marketing,75,F1,CatBoost,0.14516134305846515,0.10006176673108161,5
Bank Marketing,75,F1,TabPFN,0.22966581216816903,0.1254427791689749,5
Bank Marketing,75,ROC_AUC,XGBoost,0.7419087774454228,0.05084871390861251,5
Bank Marketing,75,ROC_AUC,LightGBM,0.712772222965319,0.03365952862780019,5
Bank Marketing,75,ROC_AUC,CatBoost,0.7789830175435274,0.035325265132372566,5
Bank Marketing,75,ROC_AUC,TabPFN,0.8013632721087388,0.03900587813342758,5
Bank Marketing,100,Accuracy,XGBoost,0.8744664381289393,0.01038636573816783,5
Bank Marketing,100,Accuracy,LightGBM,0.8640937741899812,0.008379153640584516,5
Bank Marketing,100,Accuracy,CatBoost,0.8885325666261197,0.005363549402975917,5
Bank Marketing,100,Accuracy,TabPFN,0.8890191308194183,0.005022454725496137,5
Bank Marketing,100,Precision,XGBoost,0.4328616121819603,0.07649665894841912,5
Bank Marketing,100,Precision,LightGBM,0.3663158962959385,0.05776615807995128,5
Bank Marketing,100,Precision,CatBoost,0.6169135996766087,0.11451498539535382,5
Bank Marketing,100,Precision,TabPFN,0.6087086999657357,0.06193280796254483,5
Bank Marketing,100,Recall,XGBoost,0.2374291115311909,0.06198461481642491,5
Bank Marketing,100,Recall,LightGBM,0.22060491493383738,0.03773977923410552,5
Bank Marketing,100,Recall,CatBoost,0.1145557655954631,0.08812602228652937,5
Bank Marketing,100,Recall,TabPFN,0.1918714555765595,0.11548029170050784,5
Bank Marketing,100,F1,XGBoost,0.30471196833018316,0.06772846081697603,5
Bank Marketing,100,F1,LightGBM,0.2748741770293589,0.044296581648058254,5
Bank Marketing,100,F1,CatBoost,0.18166546374738435,0.13256479781930872,5
Bank Marketing,100,F1,TabPFN,0.27154756035026406,0.12373007301552286,5
Bank Marketing,100,ROC_AUC,XGBoost,0.7665747804543728,0.05331525220555252,5
Bank Marketing,100,ROC_AUC,LightGBM,0.7599318665787578,0.039007169219462574,5
Bank Marketing,100,ROC_AUC,CatBoost,0.8279190779497949,0.019997162965525492,5
Bank Marketing,100,ROC_AUC,TabPFN,0.8476686319931156,0.029623105362185986,5
Bank Marketing,150,Accuracy,XGBoost,0.8734711931881012,0.01219031487075054,5
Bank Marketing,150,Accuracy,LightGBM,0.87265288068119,0.008920130296246945,5
Bank Marketing,150,Accuracy,CatBoost,0.88802388587858,0.005791940888821748,5
Bank Marketing,150,Accuracy,TabPFN,0.8888200818312507,0.006374883359418201,5
Bank Marketing,150,Precision,XGBoost,0.4405394523214271,0.07068382310336142,5
Bank Marketing,150,Precision,LightGBM,0.43255490794448315,0.05403772335123873,5
Bank Marketing,150,Precision,CatBoost,0.5620549064620792,0.0862410472858086,5
Bank Marketing,150,Precision,TabPFN,0.6092807425706492,0.08450584388096352,5
Bank Marketing,150,Recall,XGBoost,0.27051039697542534,0.059186659532303496,5
Bank Marketing,150,Recall,LightGBM,0.2765595463137996,0.06766654118771945,5
Bank Marketing,150,Recall,CatBoost,0.1357277882797731,0.08014710461266271,5
Bank Marketing,150,Recall,TabPFN,0.19810964083175803,0.1315220023404401,5
Bank Marketing,150,F1,XGBoost,0.33163783717105727,0.05338498704782411,5
Bank Marketing,150,F1,LightGBM,0.3337562737461038,0.05970552185843819,5
Bank Marketing,150,F1,CatBoost,0.21257053235692722,0.11349881620906654,5
Bank Marketing,150,F1,TabPFN,0.2733092337674081,0.14538830613214546,5
Bank Marketing,150,ROC_AUC,XGBoost,0.8014596958143401,0.033725563388508385,5
Bank Marketing,150,ROC_AUC,LightGBM,0.7984130097429845,0.030634175456812403,5
Bank Marketing,150,ROC_AUC,CatBoost,0.8483109990021461,0.031693071896908585,5
Bank Marketing,150,ROC_AUC,TabPFN,0.8634733840506715,0.01991856072079953,5
Bank Marketing,250,Accuracy,XGBoost,0.8791993807364813,0.0038748177782751627,5
Bank Marketing,250,Accuracy,LightGBM,0.8795974787128165,0.002015520794537075,5
Bank Marketing,250,Accuracy,CatBoost,0.8897047440008847,0.005303132814735739,5
Bank Marketing,250,Accuracy,TabPFN,0.8906999889417229,0.005991708854524996,5
Bank Marketing,250,Precision,XGBoost,0.4683682217480789,0.03355705001346894,5
Bank Marketing,250,Precision,LightGBM,0.46970764659632447,0.019633186872680924,5
Bank Marketing,250,Precision,CatBoost,0.5835949527832491,0.05228332734482216,5
Bank Marketing,250,Precision,TabPFN,0.582575337735734,0.03641940589499758,5
Bank Marketing,250,Recall,XGBoost,0.2525519848771266,0.03720215316502037,5
Bank Marketing,250,Recall,LightGBM,0.23345935727788278,0.02997873634622629,5
Bank Marketing,250,Recall,CatBoost,0.19054820415879012,0.1093422046198485,5
Bank Marketing,250,Recall,TabPFN,0.22192816635160675,0.12459962287114909,5
Bank Marketing,250,F1,XGBoost,0.3275498187516005,0.038848640535490316,5
Bank Marketing,250,F1,LightGBM,0.3113705829453905,0.029939254305553976,5
Bank Marketing,250,F1,CatBoost,0.27358388941356815,0.13209027727592676,5
Bank Marketing,250,F1,TabPFN,0.3040178741327211,0.15159474335064937,5
Bank Marketing,250,ROC_AUC,XGBoost,0.8155755889173107,0.01698831594618806,5
Bank Marketing,250,ROC_AUC,LightGBM,0.8171673612977074,0.015760760872051752,5
Bank Marketing,250,ROC_AUC,CatBoost,0.8681287338144654,0.017981321020630124,5
Bank Marketing,250,ROC_AUC,TabPFN,0.8712069179806654,0.01832651560285949,5
Bank Marketing,500,Accuracy,XGBoost,0.8839544398982637,0.0042460040289824036,5
Bank Marketing,500,Accuracy,LightGBM,0.8821629990047551,0.002439847903664127,5
Bank Marketing,500,Accuracy,CatBoost,0.894216521066018,0.004089768907291297,5
Bank Marketing,500,Accuracy,TabPFN,0.8970253234546057,0.003230077127848276,5
Bank Marketing,500,Precision,XGBoost,0.5081021001105313,0.031772066514917305,5
Bank Marketing,500,Precision,LightGBM,0.4928181123106469,0.02118033044343936,5
Bank Marketing,500,Precision,CatBoost,0.6159020838241508,0.03526414981891156,5
Bank Marketing,500,Precision,TabPFN,0.6425540568420745,0.01624138729948467,5
Bank Marketing,500,Recall,XGBoost,0.2841209829867674,0.015824350042918777,5
Bank Marketing,500,Recall,LightGBM,0.24102079395085063,0.009569213956198771,5
Bank Marketing,500,Recall,CatBoost,0.25160680529300566,0.03923007687395123,5
Bank Marketing,500,Recall,TabPFN,0.2695652173913043,0.054137424567268264,5
Bank Marketing,500,F1,XGBoost,0.364230931451213,0.018965989114190646,5
Bank Marketing,500,F1,LightGBM,0.32369052201148896,0.012740134827551434,5
Bank Marketing,500,F1,CatBoost,0.35644438989510896,0.04358337246490677,5
Bank Marketing,500,F1,TabPFN,0.37734601799878054,0.05475966586082232,5
Bank Marketing,500,ROC_AUC,XGBoost,0.8425213508788335,0.020425893113655794,5
Bank Marketing,500,ROC_AUC,LightGBM,0.8439044380235625,0.01357279934648182,5
Bank Marketing,500,ROC_AUC,CatBoost,0.8879863117636685,0.007590376222372921,5
Bank Marketing,500,ROC_AUC,TabPFN,0.8943082551996714,0.014962353712391517,5
Bank Marketing,750,Accuracy,XGBoost,0.8874930885767996,0.00267075135481199,5
Bank Marketing,750,Accuracy,LightGBM,0.8889970142651775,0.0035861909159105826,5
Bank Marketing,750,Accuracy,CatBoost,0.8965166427070663,0.002510009679816179,5
Bank Marketing,750,Accuracy,TabPFN,0.9000110582771204,0.0016539427062473623,5
Bank Marketing,750,Precision,XGBoost,0.5315908175273871,0.01877464303233041,5
Bank Marketing,750,Precision,LightGBM,0.5470869494780531,0.028722112643321123,5
Bank Marketing,750,Precision,CatBoost,0.6200667405452005,0.012842154799091707,5
Bank Marketing,750,Precision,TabPFN,0.6403158088221773,0.01422923248515022,5
Bank Marketing,750,Recall,XGBoost,0.32117202268431,0.029719849057433193,5
Bank Marketing,750,Recall,LightGBM,0.29981096408317576,0.022952494721646375,5
Bank Marketing,750,Recall,CatBoost,0.2977315689981096,0.039010848929090625,5
Bank Marketing,750,Recall,TabPFN,0.3319470699432892,0.015054785286109665,5
Bank Marketing,750,F1,XGBoost,0.39992260830128756,0.026318882149127636,5
Bank Marketing,750,F1,LightGBM,0.3870060682016064,0.023371634467951086,5
Bank Marketing,750,F1,CatBoost,0.40118543103908727,0.03695051199532561,5
Bank Marketing,750,F1,TabPFN,0.43706339134067757,0.013977412991114418,5
Bank Marketing,750,ROC_AUC,XGBoost,0.8595578903260248,0.011249083921724023,5
Bank Marketing,750,ROC_AUC,LightGBM,0.8628759263884433,0.004928389819484123,5
Bank Marketing,750,ROC_AUC,CatBoost,0.8957545871098102,0.0046860559171411995,5
Bank Marketing,750,ROC_AUC,TabPFN,0.9078188190759375,0.006299961275368415,5
Bank Marketing,1000,Accuracy,XGBoost,0.8878248368904125,0.0012328863193337579,5
Bank Marketing,1000,Accuracy,LightGBM,0.8912971359062258,0.0012608375816644101,5
Bank Marketing,1000,Accuracy,CatBoost,0.896981090346124,0.0013329696963666382,5
Bank Marketing,1000,Accuracy,TabPFN,0.9000774079398429,0.0014174451128310653,5
Bank Marketing,1000,Precision,XGBoost,0.5340725154443418,0.009781454760827325,5
Bank Marketing,1000,Precision,LightGBM,0.5638874000249223,0.011814870196079878,5
Bank Marketing,1000,Precision,CatBoost,0.6292297485277782,0.017847694922344504,5
Bank Marketing,1000,Precision,TabPFN,0.643557428421871,0.017723438506840272,5
Bank Marketing,1000,Recall,XGBoost,0.3253308128544423,0.014785340036492635,5
Bank Marketing,1000,Recall,LightGBM,0.3153119092627599,0.024734105457536647,5
Bank Marketing,1000,Recall,CatBoost,0.2920604914933837,0.010588542770514197,5
Bank Marketing,1000,Recall,TabPFN,0.32835538752362947,0.016020724247189862,5
Bank Marketing,1000,F1,XGBoost,0.4041243457392675,0.010808330497213562,5
Bank Marketing,1000,F1,LightGBM,0.4038344977301966,0.019848995974625114,5
Bank Marketing,1000,F1,CatBoost,0.39872724543698573,0.008634907150098303,5
Bank Marketing,1000,F1,TabPFN,0.4345055421831473,0.01262266802426649,5
Bank Marketing,1000,ROC_AUC,XGBoost,0.8628621955391311,0.004644700606164393,5
Bank Marketing,1000,ROC_AUC,LightGBM,0.8715337713789915,0.003314105612679462,5
Bank Marketing,1000,ROC_AUC,CatBoost,0.899783975862114,0.003063208956152893,5
Bank Marketing,1000,ROC_AUC,TabPFN,0.9165380030847062,0.003385615601211732,5
Bank Marketing,1500,Accuracy,XGBoost,0.8916067676655978,0.002584421331879608,5
Bank Marketing,1500,Accuracy,LightGBM,0.8925577794979542,0.0018694703491322804,5
Bank Marketing,1500,Accuracy,CatBoost,0.8985292491429835,0.001806260487811106,5
Bank Marketing,1500,Accuracy,TabPFN,0.9018688488333518,0.0017841220192187394,5
Bank Marketing,1500,Precision,XGBoost,0.5604864083333779,0.021089162909132573,5
Bank Marketing,1500,Precision,LightGBM,0.5735631674519667,0.01684506855237111,5
Bank Marketing,1500,Precision,CatBoost,0.6338132938135121,0.013735835400641225,5
Bank Marketing,1500,Precision,TabPFN,0.6513122880622534,0.010848255017935807,5
Bank Marketing,1500,Recall,XGBoost,0.34650283553875233,0.021652659452969902,5
Bank Marketing,1500,Recall,LightGBM,0.3224952741020794,0.030717609414108938,5
Bank Marketing,1500,Recall,CatBoost,0.31474480151228723,0.026295704618607838,5
Bank Marketing,1500,Recall,TabPFN,0.3478260869565217,0.032898495810883034,5
Bank Marketing,1500,F1,XGBoost,0.4276434965871546,0.014936627591039617,5
Bank Marketing,1500,F1,LightGBM,0.41187159260272066,0.023651394686966126,5
Bank Marketing,1500,F1,CatBoost,0.42005073065052806,0.023914270567619127,5
Bank Marketing,1500,F1,TabPFN,0.4526207491979461,0.02736800923480408,5
Bank Marketing,1500,ROC_AUC,XGBoost,0.8772373057706263,0.006931348280192149,5
Bank Marketing,1500,ROC_AUC,LightGBM,0.8843870537030089,0.004041386898629058,5
Bank Marketing,1500,ROC_AUC,CatBoost,0.9065146251300582,0.004097323837235554,5
Bank Marketing,1500,ROC_AUC,TabPFN,0.9210564231374281,0.0031378102561471517,5
Bank Marketing,2000,Accuracy,XGBoost,0.8935751409930333,0.0021365667433796034,5
Bank Marketing,2000,Accuracy,LightGBM,0.8954992812119873,0.0021740134083089056,5
Bank Marketing,2000,Accuracy,CatBoost,0.901116885989163,0.0012738636074606628,5
Bank Marketing,2000,Accuracy,TabPFN,0.9035939400641381,0.0006323555658740278,5
Bank Marketing,2000,Precision,XGBoost,0.5695206816030541,0.01454897586650922,5
Bank Marketing,2000,Precision,LightGBM,0.5907188368049441,0.018741224154314187,5
Bank Marketing,2000,Precision,CatBoost,0.646565661138722,0.012265730574865503,5
Bank Marketing,2000,Precision,TabPFN,0.6507269277548947,0.008163131476263272,5
Bank Marketing,2000,Recall,XGBoost,0.3708884688090737,0.017903607550172503,5
Bank Marketing,2000,Recall,LightGBM,0.3493383742911153,0.010193050823850958,5
Bank Marketing,2000,Recall,CatBoost,0.34177693761814737,0.004258555888872907,5
Bank Marketing,2000,Recall,TabPFN,0.38071833648393194,0.02224086090695677,5
Bank Marketing,2000,F1,XGBoost,0.4490230244695854,0.014792202937769644,5
Bank Marketing,2000,F1,LightGBM,0.4388790971742396,0.009292714214977587,5
Bank Marketing,2000,F1,CatBoost,0.4471430071120679,0.005265879206240851,5
Bank Marketing,2000,F1,TabPFN,0.4799433060924844,0.01597911701096161,5
Bank Marketing,2000,ROC_AUC,XGBoost,0.8875152134259296,0.003128647660888475,5
Bank Marketing,2000,ROC_AUC,LightGBM,0.8917750555448366,0.003863865406949543,5
Bank Marketing,2000,ROC_AUC,CatBoost,0.9108803249949988,0.004562795402078477,5
Bank Marketing,2000,ROC_AUC,TabPFN,0.9256269612328409,0.0016038048673559567,5
Bank Marketing,3000,Accuracy,XGBoost,0.8946809687050757,0.002149405946001896,5
Bank Marketing,3000,Accuracy,LightGBM,0.8970032069003651,0.001932194632376719,5
Bank Marketing,3000,Accuracy,CatBoost,0.9029083268826718,0.0012037786717393382,5
Bank Marketing,3000,Accuracy,TabPFN,0.907110472188433,0.0019296614360958958,5
Bank Marketing,3000,Precision,XGBoost,0.5708428496286998,0.013493633384411128,5
Bank Marketing,3000,Precision,LightGBM,0.5908678358454982,0.011274966904627053,5
Bank Marketing,3000,Precision,CatBoost,0.6430248347618042,0.013084399635859792,5
Bank Marketing,3000,Precision,TabPFN,0.650725985593503,0.014143562511945103,5
Bank Marketing,3000,Recall,XGBoost,0.4026465028355387,0.015255210199970651,5
Bank Marketing,3000,Recall,LightGBM,0.3886578449905482,0.01764982103035549,5
Bank Marketing,3000,Recall,CatBoost,0.3831758034026465,0.007981032828954442,5
Bank Marketing,3000,Recall,TabPFN,0.4459357277882797,0.02917376060661366,5
Bank Marketing,3000,F1,XGBoost,0.4720922638040926,0.012941477648237026,5
Bank Marketing,3000,F1,LightGBM,0.4687775347540706,0.015485915378155864,5
Bank Marketing,3000,F1,CatBoost,0.4800784321035734,0.004783612433210829,5
Bank Marketing,3000,F1,TabPFN,0.5286256351180213,0.019321087962086102,5
Bank Marketing,3000,ROC_AUC,XGBoost,0.8953159338220411,0.003538477054617905,5
Bank Marketing,3000,ROC_AUC,LightGBM,0.9009128647404809,0.0019620845491930207,5
Bank Marketing,3000,ROC_AUC,CatBoost,0.9167632600350609,0.0030111407099289228,5
Bank Marketing,3000,ROC_AUC,TabPFN,0.9302174327336346,0.0011936705983528388,5
Bank Marketing,4000,Accuracy,XGBoost,0.8951232997898927,0.0009499825984701601,5
Bank Marketing,4000,Accuracy,LightGBM,0.8977772862987947,0.002179069913569551,5
Bank Marketing,4000,Accuracy,CatBoost,0.9031073758708393,0.0010589419104168715,5
Bank Marketing,4000,Accuracy,TabPFN,0.9074864536105274,0.0015883166302571572,5
Bank Marketing,4000,Precision,XGBoost,0.5717190970235171,0.00719616096040202,5
Bank Marketing,4000,Precision,LightGBM,0.5940585072785167,0.012293650957678889,5
Bank Marketing,4000,Precision,CatBoost,0.6372215892241664,0.01697147435554384,5
Bank Marketing,4000,Precision,TabPFN,0.6419077042951293,0.013992296586229828,5
Bank Marketing,4000,Recall,XGBoost,0.4136105860113421,0.011034743949108701,5
Bank Marketing,4000,Recall,LightGBM,0.3988657844990548,0.027426499297820227,5
Bank Marketing,4000,Recall,CatBoost,0.40113421550094513,0.01822506244465851,5
Bank Marketing,4000,Recall,TabPFN,0.4744801512287335,0.019633816708734434,5
Bank Marketing,4000,F1,XGBoost,0.479869420736878,0.006717822799478699,5
Bank Marketing,4000,F1,LightGBM,0.47686799953640124,0.02128901402147433,5
Bank Marketing,4000,F1,CatBoost,0.4918635221468235,0.009219752821988962,5
Bank Marketing,4000,F1,TabPFN,0.5453167786966251,0.011271941893307729,5
Bank Marketing,4000,ROC_AUC,XGBoost,0.9002452140296135,0.0036423120178001056,5
Bank Marketing,4000,ROC_AUC,LightGBM,0.9068805285903506,0.0026698642173447738,5
Bank Marketing,4000,ROC_AUC,CatBoost,0.9187553221837259,0.0024949996137321735,5
Bank Marketing,4000,ROC_AUC,TabPFN,0.9319510234809361,0.0015534660910459476,5
Bank Marketing,6000,Accuracy,XGBoost,0.8977772862987946,0.0019290276172461217,5
Bank Marketing,6000,Accuracy,LightGBM,0.899635076855026,0.0018841305310612385,5
Bank Marketing,6000,Accuracy,CatBoost,0.9055401968373328,0.0007637419727891979,5
Bank Marketing,6000,Accuracy,TabPFN,0.9092557779497954,0.0014430945719570577,5
Bank Marketing,6000,Precision,XGBoost,0.5851085563339471,0.012096783194141607,5
Bank Marketing,6000,Precision,LightGBM,0.6002993861105802,0.013055908371662105,5
Bank Marketing,6000,Precision,CatBoost,0.6408979451298881,0.006650038710985784,5
Bank Marketing,6000,Precision,TabPFN,0.6417822657304064,0.009340786256519653,5
Bank Marketing,6000,Recall,XGBoost,0.43478260869565216,0.01336685786742057,5
Bank Marketing,6000,Recall,LightGBM,0.42608695652173906,0.00967136275409187,5
Bank Marketing,6000,Recall,CatBoost,0.4383742911153119,0.010056284369202551,5
Bank Marketing,6000,Recall,TabPFN,0.5083175803402646,0.017624494828429545,5
Bank Marketing,6000,F1,XGBoost,0.49874782744345547,0.010400676151661575,5
Bank Marketing,6000,F1,LightGBM,0.4983262609547473,0.008474015878184568,5
Bank Marketing,6000,F1,CatBoost,0.5205477669967342,0.006463950050168483,5
Bank Marketing,6000,F1,TabPFN,0.5671205158461312,0.01080694261052018,5
Bank Marketing,6000,ROC_AUC,XGBoost,0.9070294136098758,0.0031750709912804864,5
Bank Marketing,6000,ROC_AUC,LightGBM,0.9130650925115973,0.0019987282277485786,5
Bank Marketing,6000,ROC_AUC,CatBoost,0.922907033864299,0.0021077465269425323,5
Bank Marketing,6000,ROC_AUC,TabPFN,0.9347677415001898,0.0007517840893826603,5
Bank Marketing,8000,Accuracy,XGBoost,0.898462899480261,0.002675097576328018,5
Bank Marketing,8000,Accuracy,LightGBM,0.9018024991706293,0.0013655964873635065,5
Bank Marketing,8000,Accuracy,CatBoost,0.9060931106933541,0.0014061850588532093,5
Bank Marketing,8000,Accuracy,TabPFN,0.9100077407939843,0.0012642275870422288,5
Bank Marketing,8000,Precision,XGBoost,0.586502781882383,0.016487988203176745,5
Bank Marketing,8000,Precision,LightGBM,0.6111809583358062,0.00853401484400493,5
Bank Marketing,8000,Precision,CatBoost,0.6405535719601536,0.006431508057768397,5
Bank Marketing,8000,Precision,TabPFN,0.6421928003857267,0.007004859986086548,5
Bank Marketing,8000,Recall,XGBoost,0.4493383742911153,0.008201849962161327,5
Bank Marketing,8000,Recall,LightGBM,0.44177693761814735,0.007154703541692081,5
Bank Marketing,8000,Recall,CatBoost,0.4495274102079395,0.011664450486937513,5
Bank Marketing,8000,Recall,TabPFN,0.5213610586011341,0.012133691142443243,5
Bank Marketing,8000,F1,XGBoost,0.50875413873349,0.009257610916141046,5
Bank Marketing,8000,F1,LightGBM,0.5128283922238871,0.006859715911174459,5
Bank Marketing,8000,F1,CatBoost,0.5282733148107761,0.010077328217055884,5
Bank Marketing,8000,F1,TabPFN,0.5754319579808003,0.008177630496698037,5
Bank Marketing,8000,ROC_AUC,XGBoost,0.9109335793838399,0.002362165992209614,5
Bank Marketing,8000,ROC_AUC,LightGBM,0.9172408805262229,0.003260509488618232,5
Bank Marketing,8000,ROC_AUC,CatBoost,0.9250716312367352,0.00210521968300918,5
Bank Marketing,8000,ROC_AUC,TabPFN,0.9360462966360602,0.0007178226080624326,5
Bank Marketing,12000,Accuracy,XGBoost,0.9013159349773305,0.000776445413316033,5
Bank Marketing,12000,Accuracy,LightGBM,0.9046997677761803,0.001302343958459562,5
Bank Marketing,12000,Accuracy,CatBoost,0.9071768218511556,0.001601733323764313,5
Bank Marketing,12000,Accuracy,TabPFN,0.9109366360721,0.0008763292162405715,5
Bank Marketing,12000,Precision,XGBoost,0.6023571266811423,0.008667029334418992,5
Bank Marketing,12000,Precision,LightGBM,0.6294338611613481,0.011856518899036219,5
Bank Marketing,12000,Precision,CatBoost,0.6489137704528275,0.0084212582074426,5
Bank Marketing,12000,Precision,TabPFN,0.6463745734006033,0.006026847971932771,5
Bank Marketing,12000,Recall,XGBoost,0.4616257088846881,0.012918222732151168,5
Bank Marketing,12000,Recall,LightGBM,0.45179584120982985,0.011420648368236825,5
Bank Marketing,12000,Recall,CatBoost,0.450094517958412,0.013993765991169563,5
Bank Marketing,12000,Recall,TabPFN,0.5274102079395085,0.012786152418212363,5
Bank Marketing,12000,F1,XGBoost,0.5225023909070056,0.00520527766122316,5
Bank Marketing,12000,F1,LightGBM,0.5258626471406803,0.006119537149406342,5
Bank Marketing,12000,F1,CatBoost,0.53145137444341,0.011726911754025068,5
Bank Marketing,12000,F1,TabPFN,0.5807659575730189,0.007063830924781664,5
Bank Marketing,12000,ROC_AUC,XGBoost,0.9147113858333146,0.00048813210222415173,5
Bank Marketing,12000,ROC_AUC,LightGBM,0.9233612172161176,0.0007024635530540633,5
Bank Marketing,12000,ROC_AUC,CatBoost,0.9278476065117369,0.0012178785304215371,5
Bank Marketing,12000,ROC_AUC,TabPFN,0.9374090360825413,0.000738165198900788,5
Bank Marketing,16000,Accuracy,XGBoost,0.9021121309300011,0.0007795889298690334,5
Bank Marketing,16000,Accuracy,LightGBM,0.9050757491982748,0.0017547503271177292,5
Bank Marketing,16000,Accuracy,CatBoost,0.9080836005750303,0.0015310822637462768,5
Bank Marketing,16000,Accuracy,TabPFN,0.911511666482362,0.0010355886116061976,5
Bank Marketing,16000,Precision,XGBoost,0.6054260165243084,0.00409701992897864,5
Bank Marketing,16000,Precision,LightGBM,0.6290225160114606,0.01133700229913847,5
Bank Marketing,16000,Precision,CatBoost,0.6494449516883329,0.009525228731255947,5
Bank Marketing,16000,Precision,TabPFN,0.6458652060868325,0.005185007110465195,5
Bank Marketing,16000,Recall,XGBoost,0.4689981096408317,0.009390158190563167,5
Bank Marketing,16000,Recall,LightGBM,0.4601134215500945,0.00606684557122164,5
Bank Marketing,16000,Recall,CatBoost,0.46597353497164457,0.012907845258740737,5
Bank Marketing,16000,Recall,TabPFN,0.5395085066162572,0.01040556441929898,5
Bank Marketing,16000,F1,XGBoost,0.528509865710572,0.0064322948879687505,5
Bank Marketing,16000,F1,LightGBM,0.5314521992324699,0.007421064802539756,5
Bank Marketing,16000,F1,CatBoost,0.5425304555132839,0.009920967175348055,5
Bank Marketing,16000,F1,TabPFN,0.587871375732578,0.006943185799171147,5
Bank Marketing,16000,ROC_AUC,XGBoost,0.9180493197902967,0.001538475241430273,5
Bank Marketing,16000,ROC_AUC,LightGBM,0.9279859329816185,0.0014353783220845083,5
Bank Marketing,16000,ROC_AUC,CatBoost,0.9297629652952784,0.0010524120559124374,5
Bank Marketing,16000,ROC_AUC,TabPFN,0.9388495797294784,0.00030286733044285695,5
Bank Marketing,24000,Accuracy,XGBoost,0.9031294924250801,0.0022005693621731954,5
Bank Marketing,24000,Accuracy,LightGBM,0.9065354417781709,0.001197157456837361,5
Bank Marketing,24000,Accuracy,CatBoost,0.9095654097091673,0.0015109831739375397,5
Bank Marketing,24000,Accuracy,TabPFN,0.9130819418334625,0.00047563448341485064,5
Bank Marketing,24000,Precision,XGBoost,0.611410456617026,0.01216747520683995,5
Bank Marketing,24000,Precision,LightGBM,0.6345106767745406,0.009146526333914709,5
Bank Marketing,24000,Precision,CatBoost,0.6546887929507231,0.009356038771764661,5
Bank Marketing,24000,Precision,TabPFN,0.6516181744429528,0.003863634057495249,5
Bank Marketing,24000,Recall,XGBoost,0.4720226843100189,0.011854375875321852,5
Bank Marketing,24000,Recall,LightGBM,0.47485822306238185,0.011606866868059536,5
Bank Marketing,24000,Recall,CatBoost,0.48052930056710774,0.007579138070597137,5
Bank Marketing,24000,Recall,TabPFN,0.5525519848771265,0.005072365922494788,5
Bank Marketing,24000,F1,XGBoost,0.532725043124594,0.01151700210809707,5
Bank Marketing,24000,F1,LightGBM,0.5430842998240578,0.00725403723056654,5
Bank Marketing,24000,F1,CatBoost,0.554228351005448,0.007487239863818027,5
Bank Marketing,24000,F1,TabPFN,0.5979880004741198,0.002378597359033832,5
Bank Marketing,24000,ROC_AUC,XGBoost,0.9233989888886655,0.0009112407200651813,5
Bank Marketing,24000,ROC_AUC,LightGBM,0.9315516688308536,0.0012086806736851348,5
Bank Marketing,24000,ROC_AUC,CatBoost,0.9327253486866324,0.0009685536347049013,5
Bank Marketing,24000,ROC_AUC,TabPFN,0.9408758861428506,0.00022705738259921294,5
Bank Marketing,32000,Accuracy,XGBoost,0.9049872829813115,0.0012593819287853717,5
Bank Marketing,32000,Accuracy,LightGBM,0.9081057171292711,0.0019858769209408498,5
Bank Marketing,32000,Accuracy,CatBoost,0.910206789782152,0.0012776976676203986,5
Bank Marketing,32000,Accuracy,TabPFN,0.9147627999557668,0.0004381646081202998,5
Bank Marketing,32000,Precision,XGBoost,0.6209797897133268,0.004724408408402911,5
Bank Marketing,32000,Precision,LightGBM,0.6442895539883283,0.009548389572332993,5
Bank Marketing,32000,Precision,CatBoost,0.6558248490978051,0.00618818849540224,5
Bank Marketing,32000,Precision,TabPFN,0.6601461958337979,0.0032373382041526585,5
Bank Marketing,32000,Recall,XGBoost,0.4820415879017014,0.013079728263797774,5
Bank Marketing,32000,Recall,LightGBM,0.47882797731568993,0.015307824608628121,5
Bank Marketing,32000,Recall,CatBoost,0.48922495274102074,0.008856489054913059,5
Bank Marketing,32000,Recall,TabPFN,0.5595463137996219,0.004226971602079007,5
Bank Marketing,32000,F1,XGBoost,0.5427149607243855,0.009928243892566222,5
Bank Marketing,32000,F1,LightGBM,0.5493157083909754,0.013001564835517251,5
Bank Marketing,32000,F1,CatBoost,0.5603913695418343,0.007822703446506395,5
Bank Marketing,32000,F1,TabPFN,0.6056838490164039,0.002247339168881692,5
Bank Marketing,32000,ROC_AUC,XGBoost,0.9255271639996069,0.0014916443193880085,5
Bank Marketing,32000,ROC_AUC,LightGBM,0.9333920050946185,0.0007399731734156986,5
Bank Marketing,32000,ROC_AUC,CatBoost,0.9335128839163224,0.00023341950719799938,5
Bank Marketing,32000,ROC_AUC,TabPFN,0.9417420541587308,0.00015859215593299705,5
Credit-G,10,Accuracy,XGBoost,0.7,0.0,5
Credit-G,10,Accuracy,LightGBM,0.7,0.0,5
Credit-G,10,Accuracy,CatBoost,0.681,0.015572411502397411,5
Credit-G,10,Accuracy,TabPFN,0.6849999999999999,0.01968501968502949,5
Credit-G,10,Precision,XGBoost,0.7,0.0,5
Credit-G,10,Precision,LightGBM,0.7,0.0,5
Credit-G,10,Precision,CatBoost,0.7179865886226164,0.007325016581725167,5
Credit-G,10,Precision,TabPFN,0.7123512287798002,0.01741969040369741,5
Credit-G,10,Recall,XGBoost,1.0,0.0,5
Credit-G,10,Recall,LightGBM,1.0,0.0,5
Credit-G,10,Recall,CatBoost,0.8971428571428574,0.047001953932463154,5
Credit-G,10,Recall,TabPFN,0.9271428571428573,0.08636656571538194,5
Credit-G,10,F1,XGBoost,0.8235294117647058,0.0,5
Credit-G,10,F1,LightGBM,0.8235294117647058,0.0,5
Credit-G,10,F1,CatBoost,0.7970435415864103,0.016665300546896793,5
Credit-G,10,F1,TabPFN,0.8034255409962967,0.0257758840493012,5
Credit-G,10,ROC_AUC,XGBoost,0.5450595238095237,0.06005912560630654,5
Credit-G,10,ROC_AUC,LightGBM,0.5,0.0,5
Credit-G,10,ROC_AUC,CatBoost,0.6269285714285714,0.05087189069651869,5
Credit-G,10,ROC_AUC,TabPFN,0.6168095238095238,0.04091199212667651,5
Credit-G,20,Accuracy,XGBoost,0.664,0.019170289512680832,5
Credit-G,20,Accuracy,LightGBM,0.7,0.0,5
Credit-G,20,Accuracy,CatBoost,0.7070000000000001,0.047116875957558986,5
Credit-G,20,Accuracy,TabPFN,0.706,0.011937336386313332,5
Credit-G,20,Precision,XGBoost,0.7288143232628097,0.0211748341604282,5
Credit-G,20,Precision,LightGBM,0.7,0.0,5
Credit-G,20,Precision,CatBoost,0.7355750924787775,0.0397297098756014,5
Credit-G,20,Precision,TabPFN,0.7162407398650192,0.025787200191333813,5
Credit-G,20,Recall,XGBoost,0.832857142857143,0.07866877087004778,5
Credit-G,20,Recall,LightGBM,1.0,0.0,5
Credit-G,20,Recall,CatBoost,0.9114285714285714,0.00958314847499904,5
Credit-G,20,Recall,TabPFN,0.9657142857142856,0.04612538368846554,5
Credit-G,20,F1,XGBoost,0.7750259833414158,0.02658536356626171,5
Credit-G,20,F1,LightGBM,0.8235294117647058,0.0,5
Credit-G,20,F1,CatBoost,0.8137586154330275,0.026416120331385955,5
Credit-G,20,F1,TabPFN,0.8213343925358444,0.0024489407095668434,5
Credit-G,20,ROC_AUC,XGBoost,0.6120119047619047,0.01777243799128855,5
Credit-G,20,ROC_AUC,LightGBM,0.5,0.0,5
Credit-G,20,ROC_AUC,CatBoost,0.6813095238095239,0.04976752930163517,5
Credit-G,20,ROC_AUC,TabPFN,0.6680952380952381,0.04854231445364971,5
Credit-G,35,Accuracy,XGBoost,0.667,0.04535967372016691,5
Credit-G,35,Accuracy,LightGBM,0.7,0.0,5
Credit-G,35,Accuracy,CatBoost,0.709,0.008215838362577499,5
Credit-G,35,Accuracy,TabPFN,0.6980000000000001,0.008366600265340762,5
Credit-G,35,Precision,XGBoost,0.7379916475308274,0.02002309906629959,5
Credit-G,35,Precision,LightGBM,0.7,0.0,5
Credit-G,35,Precision,CatBoost,0.7336534321212603,0.017427681823928322,5
Credit-G,35,Precision,TabPFN,0.7186601222767588,0.020320362748199542,5
Credit-G,35,Recall,XGBoost,0.8114285714285714,0.05816057995949224,5
Credit-G,35,Recall,LightGBM,1.0,0.0,5
Credit-G,35,Recall,CatBoost,0.9199999999999999,0.04984670377819401,5
Credit-G,35,Recall,TabPFN,0.9385714285714284,0.061153870837154255,5
Credit-G,35,F1,XGBoost,0.772593362997334,0.037197740661481286,5
Credit-G,35,F1,LightGBM,0.8235294117647058,0.0,5
Credit-G,35,F1,CatBoost,0.815355693477958,0.011413359145958746,5
Credit-G,35,F1,TabPFN,0.8126542996831063,0.01223837102994241,5
Credit-G,35,ROC_AUC,XGBoost,0.6287619047619047,0.058096982311833516,5
Credit-G,35,ROC_AUC,LightGBM,0.5,0.0,5
Credit-G,35,ROC_AUC,CatBoost,0.6855,0.039956254423728105,5
Credit-G,35,ROC_AUC,TabPFN,0.663,0.04285403427879634,5
Credit-G,50,Accuracy,XGBoost,0.6799999999999999,0.041982139059366645,5
Credit-G,50,Accuracy,LightGBM,0.6759999999999999,0.02701851217221257,5
Credit-G,50,Accuracy,CatBoost,0.714,0.036640141921122506,5
Credit-G,50,Accuracy,TabPFN,0.6950000000000001,0.021505813167606528,5
Credit-G,50,Precision,XGBoost,0.7524880017527076,0.02488127576305617,5
Credit-G,50,Precision,LightGBM,0.731838596003153,0.013289727757815019,5
Credit-G,50,Precision,CatBoost,0.7436917416512703,0.023580763751980146,5
Credit-G,50,Precision,TabPFN,0.7398215354080617,0.026759108403732815,5
Credit-G,50,Recall,XGBoost,0.8085714285714285,0.04021625217216928,5
Credit-G,50,Recall,LightGBM,0.8485714285714284,0.057454507291972004,5
Credit-G,50,Recall,CatBoost,0.9028571428571428,0.022360679774997876,5
Credit-G,50,Recall,TabPFN,0.8742857142857143,0.05165624209075583,5
Credit-G,50,F1,XGBoost,0.7793948778537196,0.030776868068247677,5
Credit-G,50,F1,LightGBM,0.7850791143906164,0.023694932536201217,5
Credit-G,50,F1,CatBoost,0.8155561499436997,0.02291047381123699,5
Credit-G,50,F1,TabPFN,0.8002490405939039,0.015782658901224888,5
Credit-G,50,ROC_AUC,XGBoost,0.6554166666666668,0.06713681478215197,5
Credit-G,50,ROC_AUC,LightGBM,0.6135952380952381,0.0451242026518584,5
Credit-G,50,ROC_AUC,CatBoost,0.6974523809523809,0.051195500860818095,5
Credit-G,50,ROC_AUC,TabPFN,0.6736428571428572,0.05069035876431855,5
Credit-G,75,Accuracy,XGBoost,0.696,0.03595135602449508,5
Credit-G,75,Accuracy,LightGBM,0.7,0.018708286933869663,5
Credit-G,75,Accuracy,CatBoost,0.729,0.023291629397704253,5
Credit-G,75,Accuracy,TabPFN,0.707,0.03492849839314595,5
Credit-G,75,Precision,XGBoost,0.7802079884639982,0.03512653473171545,5
Credit-G,75,Precision,LightGBM,0.7711195475289003,0.02231608265854414,5
Credit-G,75,Precision,CatBoost,0.7589758726833915,0.013990246130356267,5
Credit-G,75,Precision,TabPFN,0.7436606322418415,0.04215458177489033,5
Credit-G,75,Recall,XGBoost,0.79,0.03447862396042048,5
Credit-G,75,Recall,LightGBM,0.8142857142857143,0.028571428571428574,5
Credit-G,75,Recall,CatBoost,0.8985714285714286,0.038926933124110594,5
Credit-G,75,Recall,TabPFN,0.8957142857142857,0.0688091118788131,5
Credit-G,75,F1,XGBoost,0.7844291991782301,0.024263333929720486,5
Credit-G,75,F1,LightGBM,0.7916184399793573,0.012517479472609774,5
Credit-G,75,F1,CatBoost,0.8225212589950873,0.01805457011624133,5
Credit-G,75,F1,TabPFN,0.810349937952725,0.022197021913973887,5
Credit-G,75,ROC_AUC,XGBoost,0.6846190476190477,0.03666525584793536,5
Credit-G,75,ROC_AUC,LightGBM,0.6773452380952381,0.034933722069681095,5
Credit-G,75,ROC_AUC,CatBoost,0.7276904761904761,0.021787763369677558,5
Credit-G,75,ROC_AUC,TabPFN,0.714,0.040022988008905525,5
Credit-G,100,Accuracy,XGBoost,0.701,0.013874436925511578,5
Credit-G,100,Accuracy,LightGBM,0.7010000000000001,0.031898275815473144,5
Credit-G,100,Accuracy,CatBoost,0.7229999999999999,0.022248595461287008,5
Credit-G,100,Accuracy,TabPFN,0.708,0.024135036772294317,5
Credit-G,100,Precision,XGBoost,0.7738570026316298,0.01283157309639243,5
Credit-G,100,Precision,LightGBM,0.7791060131860343,0.02030943943174415,5
Credit-G,100,Precision,CatBoost,0.7538600939257457,0.012190463515161105,5
Credit-G,100,Precision,TabPFN,0.7624576882899371,0.014591607295467492,5
Credit-G,100,Recall,XGBoost,0.8099999999999999,0.028838041768837648,5
Credit-G,100,Recall,LightGBM,0.8,0.04315373561998064,5
Credit-G,100,Recall,CatBoost,0.8971428571428571,0.01862629258629329,5
Credit-G,100,Recall,TabPFN,0.8485714285714285,0.06840008354213778,5
Credit-G,100,F1,XGBoost,0.7911905486401717,0.012301967989581646,5
Credit-G,100,F1,LightGBM,0.7889299858875575,0.025989362171481734,5
Credit-G,100,F1,CatBoost,0.8192793176889748,0.014913297605500779,5
Credit-G,100,F1,TabPFN,0.8017640788479033,0.025455754815013724,5
Credit-G,100,ROC_AUC,XGBoost,0.6996904761904761,0.007815818456220015,5
Credit-G,100,ROC_AUC,LightGBM,0.6975952380952382,0.03381438596829311,5
Credit-G,100,ROC_AUC,CatBoost,0.7342380952380951,0.024477331129619126,5
Credit-G,100,ROC_AUC,TabPFN,0.7247380952380953,0.034198425591321774,5
Credit-G,150,Accuracy,XGBoost,0.6839999999999999,0.02966479394838263,5
Credit-G,150,Accuracy,LightGBM,0.678,0.02079663434308538,5
Credit-G,150,Accuracy,CatBoost,0.724,0.021908902300206663,5
Credit-G,150,Accuracy,TabPFN,0.708,0.01987460691435176,5
Credit-G,150,Precision,XGBoost,0.7704492322600247,0.017345525759798693,5
Credit-G,150,Precision,LightGBM,0.7735171307986614,0.02370143462697937,5
Credit-G,150,Precision,CatBoost,0.7632628472675101,0.026394608768084638,5
Credit-G,150,Precision,TabPFN,0.7624384262382597,0.021378149920365835,5
Credit-G,150,Recall,XGBoost,0.7814285714285715,0.04059506353823663,5
Credit-G,150,Recall,LightGBM,0.7657142857142857,0.0447213595499958,5
Credit-G,150,Recall,CatBoost,0.8814285714285715,0.052634666934115795,5
Credit-G,150,Recall,TabPFN,0.8485714285714285,0.0426781978465419,5
Credit-G,150,F1,XGBoost,0.7755408135603581,0.02476060070273469,5
Credit-G,150,F1,LightGBM,0.7685938436989209,0.019502392844699935,5
Credit-G,150,F1,CatBoost,0.8168612681151635,0.017455475751040474,5
Credit-G,150,F1,TabPFN,0.8024508158933799,0.015983425815686736,5
Credit-G,150,ROC_AUC,XGBoost,0.7021428571428572,0.026068166788784618,5
Credit-G,150,ROC_AUC,LightGBM,0.6922857142857143,0.0330655056576955,5
Credit-G,150,ROC_AUC,CatBoost,0.7463333333333334,0.02996341306408498,5
Credit-G,150,ROC_AUC,TabPFN,0.7469047619047618,0.02780265326087914,5
Credit-G,250,Accuracy,XGBoost,0.72,0.014142135623730963,5
Credit-G,250,Accuracy,LightGBM,0.704,0.00961769203083568,5
Credit-G,250,Accuracy,CatBoost,0.744,0.019811612756158968,5
Credit-G,250,Accuracy,TabPFN,0.723,0.024135036772294362,5
Credit-G,250,Precision,XGBoost,0.7845011127141941,0.02133455176520125,5
Credit-G,250,Precision,LightGBM,0.777060121308836,0.014180926786609125,5
Credit-G,250,Precision,CatBoost,0.7717817678703646,0.01796536042211387,5
Credit-G,250,Precision,TabPFN,0.7772513494578682,0.013683267206296746,5
Credit-G,250,Recall,XGBoost,0.8285714285714285,0.015152288168283146,5
Credit-G,250,Recall,LightGBM,0.8099999999999999,0.014811743823805507,5
Credit-G,250,Recall,CatBoost,0.9014285714285716,0.019820624179302335,5
Credit-G,250,Recall,TabPFN,0.8471428571428572,0.031379832337841154,5
Credit-G,250,F1,XGBoost,0.8056288018527507,0.006537213469359338,5
Credit-G,250,F1,LightGBM,0.7930080655675913,0.005663670644302524,5
Credit-G,250,F1,CatBoost,0.8313847796341325,0.012226009056345999,5
Credit-G,250,F1,TabPFN,0.8104939984043048,0.01826875384360971,5
Credit-G,250,ROC_AUC,XGBoost,0.7208809523809524,0.024414283856706263,5
Credit-G,250,ROC_AUC,LightGBM,0.7133809523809524,0.022811617609437177,5
Credit-G,250,ROC_AUC,CatBoost,0.7682142857142857,0.017659822509463675,5
Credit-G,250,ROC_AUC,TabPFN,0.7679285714285715,0.015761023569095405,5
Credit-G,500,Accuracy,XGBoost,0.7170000000000001,0.023611437906235173,5
Credit-G,500,Accuracy,LightGBM,0.7150000000000001,0.015411035007422455,5
Credit-G,500,Accuracy,CatBoost,0.7390000000000001,0.021908902300206663,5
Credit-G,500,Accuracy,TabPFN,0.7550000000000001,0.014577379737113264,5
Credit-G,500,Precision,XGBoost,0.7843519953768217,0.010884101511717632,5
Credit-G,500,Precision,LightGBM,0.786223814097938,0.009657103458207984,5
Credit-G,500,Precision,CatBoost,0.7781368445275492,0.010258806900101796,5
Credit-G,500,Precision,TabPFN,0.8056892251478001,0.016037452747830038,5
Credit-G,500,Recall,XGBoost,0.8214285714285714,0.03072259023943796,5
Credit-G,500,Recall,LightGBM,0.8142857142857143,0.01821078397711711,5
Credit-G,500,Recall,CatBoost,0.8771428571428572,0.0273861278752583,5
Credit-G,500,Recall,TabPFN,0.8571428571428571,0.015152288168283146,5
Credit-G,500,F1,XGBoost,0.8023166188906583,0.018958958219208812,5
Credit-G,500,F1,LightGBM,0.799944208576006,0.011865803669791682,5
Credit-G,500,F1,CatBoost,0.8245795532659909,0.016563817291948568,5
Credit-G,500,F1,TabPFN,0.830469472851988,0.009391706696193306,5
Credit-G,500,ROC_AUC,XGBoost,0.7349761904761904,0.015377293903689731,5
Credit-G,500,ROC_AUC,LightGBM,0.7335238095238096,0.013132414761205134,5
Credit-G,500,ROC_AUC,CatBoost,0.7714047619047619,0.020691592659887775,5
Credit-G,500,ROC_AUC,TabPFN,0.7850952380952381,0.015013080086915735,5
Credit-G,750,Accuracy,XGBoost,0.7460000000000001,0.023291629397704253,5
Credit-G,750,Accuracy,LightGBM,0.766,0.03189827581547319,5
Credit-G,750,Accuracy,CatBoost,0.742,0.016431676725154998,5
Credit-G,750,Accuracy,TabPFN,0.76,0.007905694150420955,5
Credit-G,750,Precision,XGBoost,0.8080123598735269,0.015537118502998744,5
Credit-G,750,Precision,LightGBM,0.8130480446537968,0.01800281974688463,5
Credit-G,750,Precision,CatBoost,0.784749762485534,0.008567398625639324,5
Credit-G,750,Precision,TabPFN,0.8117925613714057,0.00897539103324963,5
Credit-G,750,Recall,XGBoost,0.8357142857142856,0.0202030508910442,5
Credit-G,750,Recall,LightGBM,0.8642857142857142,0.03072259023943796,5
Credit-G,750,Recall,CatBoost,0.8699999999999999,0.016288220358559112,5
Credit-G,750,Recall,TabPFN,0.8557142857142856,0.01373956004405096,5
Credit-G,750,F1,XGBoost,0.8215931812984811,0.016839602941907828,5
Credit-G,750,F1,LightGBM,0.8378187786363682,0.023201720555989777,5
Credit-G,750,F1,CatBoost,0.8251638656752325,0.011853468218482677,5
Credit-G,750,F1,TabPFN,0.8330812646546304,0.005852922692121939,5
Credit-G,750,ROC_AUC,XGBoost,0.7589285714285714,0.011909225353736378,5
Credit-G,750,ROC_AUC,LightGBM,0.7698809523809523,0.010111341603612444,5
Credit-G,750,ROC_AUC,CatBoost,0.7743095238095239,0.009139725406097633,5
Credit-G,750,ROC_AUC,TabPFN,0.7856904761904764,0.006488586700477565,5
