Dataset,Metric,Model_A,Model_B,N,Mean_A,Mean_B,Mean_Difference_A_minus_B,Difference_SD,CI95_Low,CI95_High,Wilcoxon_Statistic,Wilcoxon_p,Rank_Biserial_Effect,Significant_p05,Holm_Adjusted_p,Significant_Holm_p05,Direction,Effect_Strength
Adult,Accuracy,TabPFN,XGBoost,105,0.8349628806379754,0.8252489653861339,0.009713915251841348,0.01918956013081575,0.006043404998064731,0.013384425505617966,754.0,1.4754462654913994e-10,0.7241758241758242,True,4.3298697960381105e-09,True,TabPFN higher,Large
Adult,Accuracy,TabPFN,LightGBM,105,0.8349628806379754,0.8249691687505178,0.009993711887457412,0.021354988798270844,0.005909006202752077,0.014078417572162747,1127.5,5.616267698508879e-07,0.5709118598895869,True,1.3479042476421309e-05,True,TabPFN higher,Large
Adult,Accuracy,TabPFN,CatBoost,105,0.8349628806379754,0.8408776060326884,-0.005914725394713111,0.014130489663713613,-0.008617554789861967,-0.003211895999564256,758.0,9.668003458663267e-11,-0.7279424977538185,True,2.9970810721856128e-09,True,TabPFN lower,Large
Adult,Precision,TabPFN,XGBoost,105,0.7030506076261968,0.6365415646720793,0.06650904295411732,0.15083671824349443,0.03765753634403718,0.09536054956419746,289.0,2.458798036162317e-15,0.8941391941391942,True,1.0081071948265501e-13,True,TabPFN higher,Large
Adult,Precision,TabPFN,LightGBM,105,0.7030506076261968,0.5889323002574844,0.11411830736871227,0.2158462287096135,0.07283201470141026,0.15540460003601428,461.0,3.014450993804402e-13,0.8278566094100075,True,1.0550578478315407e-11,True,TabPFN higher,Large
Adult,Precision,TabPFN,CatBoost,105,0.7030506076261968,0.7330173741352177,-0.02996676650902101,0.08171890811645932,-0.045597666233877926,-0.014335866784164094,449.0,8.668292381732812e-14,-0.8386343216531896,True,3.2939511050584687e-12,True,TabPFN lower,Large
Adult,Recall,TabPFN,XGBoost,105,0.5237973033524788,0.5333944356185588,-0.009597132266080086,0.07987014109336557,-0.024874406463887406,0.005680141931727233,1819.0,0.0031344774798614007,-0.3336996336996337,True,0.047017162197921014,True,TabPFN lower,Medium
Adult,Recall,TabPFN,LightGBM,105,0.5237973033524788,0.496211658316021,0.027585645036457697,0.10926972024403862,0.006684924756841969,0.04848636531607342,2571.0,0.7248171084981925,-0.039955190440627335,False,1.0,False,TabPFN higher,Negligible
Adult,Recall,TabPFN,CatBoost,105,0.5237973033524788,0.5194183062446535,0.004378997107825176,0.05825635735419208,-0.006764070036942511,0.015522064252592862,2640.5,0.6498577873065929,-0.04941599281221923,False,1.0,False,TabPFN higher,Negligible
Adult,F1,TabPFN,XGBoost,105,0.58379990634251,0.5744488657199958,0.009351040622514118,0.08187692282677889,-0.006310083589539051,0.025012164834567287,1948.0,0.011216663374114299,0.28644688644688643,True,0.1345999604893716,False,TabPFN higher,Small
Adult,F1,TabPFN,LightGBM,105,0.58379990634251,0.5360887987505433,0.04771110759196668,0.11943565269141726,0.024865884205821562,0.0705563309781118,1562.0,0.00024108458710089258,0.4167289021657954,True,0.004339522567816067,True,TabPFN higher,Medium
Adult,F1,TabPFN,CatBoost,105,0.58379990634251,0.593627630914924,-0.009827724572414077,0.05233234656055762,-0.019837668174313233,0.00018221902948508013,1612.0,0.00018265892168023177,-0.4206648697214735,True,0.0034705195119244035,True,TabPFN lower,Medium
Adult,ROC_AUC,TabPFN,XGBoost,105,0.8743722130082291,0.8463444541685141,0.028027758839714707,0.0552702543856886,0.01745586276348672,0.038599654915942694,679.0,1.762089827332133e-11,0.7559748427672957,True,5.814896430196039e-10,True,TabPFN higher,Large
Adult,ROC_AUC,TabPFN,LightGBM,105,0.8743722130082291,0.8223209583403781,0.05205125466785088,0.09211970393913958,0.03443092801218697,0.06967158132351478,708.0,3.31657875990418e-11,0.7455525606469002,True,1.0613052031693376e-09,True,TabPFN higher,Large
Adult,ROC_AUC,TabPFN,CatBoost,105,0.8743722130082291,0.878688171129858,-0.004315958121628954,0.017291400758817018,-0.007623395256963678,-0.0010085209862942313,1543.0,7.418583125225969e-05,-0.4454627133872417,True,0.0014837166250451937,True,TabPFN lower,Medium
Bank Marketing,Accuracy,TabPFN,XGBoost,105,0.8979752821177128,0.8873846121440946,0.010590669973618102,0.0106838821274213,0.008547095309503403,0.0126342446377328,209.0,1.6756435722732207e-15,0.9172277227722773,True,7.037703003547527e-14,True,TabPFN higher,Large
Bank Marketing,Accuracy,TabPFN,LightGBM,105,0.8979752821177128,0.8888127096465038,0.009162572471208979,0.010627209098347953,0.0071298380208828305,0.011195306921535128,224.0,6.1272137777427744e-15,0.9080601937744794,True,2.389613373319682e-13,True,TabPFN higher,Large
Bank Marketing,Accuracy,TabPFN,CatBoost,105,0.8979752821177128,0.896732542403227,0.001242739714485814,0.006557541187138282,-1.1563250400873021e-05,0.0024970426793725006,1144.0,2.700967412554303e-07,0.5805860805860806,True,6.752418531385758e-06,True,TabPFN higher,Large
Bank Marketing,Precision,TabPFN,XGBoost,105,0.5660708395017544,0.4676193272885942,0.09845151221316015,0.13075280321599034,0.07344158485460495,0.12346143957171535,239.0,3.841009775346632e-15,0.9053465346534654,True,1.536403910138653e-13,True,TabPFN higher,Large
Bank Marketing,Precision,TabPFN,LightGBM,105,0.5660708395017544,0.45519363646547056,0.11087720303628378,0.15844491734845764,0.08057042738214168,0.14118397869042587,84.0,1.0651716968559795e-16,0.9653679653679653,True,4.5802382964807116e-15,True,TabPFN higher,Large
Bank Marketing,Precision,TabPFN,CatBoost,105,0.5660708395017544,0.602207013939665,-0.03613617443791058,0.17884904550276587,-0.07034577856228383,-0.0019265703135373305,2628.0,0.869340746482015,-0.018670649738610903,False,1.0,False,TabPFN lower,Negligible
Bank Marketing,Recall,TabPFN,XGBoost,105,0.32014582770726435,0.30452786029345574,0.01561796741380862,0.07349225317885728,0.0015606327470824369,0.0296753020805348,1522.0,0.0008801295744557653,0.38545454545454544,True,0.014082073191292245,True,TabPFN higher,Medium
Bank Marketing,Recall,TabPFN,LightGBM,105,0.32014582770726435,0.2860563507066342,0.03408947700063012,0.06652540091958621,0.02136473685300062,0.04681421714825962,864.0,3.141682284772366e-08,0.6441970727685014,True,8.168373940408152e-07,True,TabPFN higher,Large
Bank Marketing,Recall,TabPFN,CatBoost,105,0.32014582770726435,0.27213970654424335,0.048006121163020984,0.048417296613424914,0.0387450342768066,0.057267208049235366,410.0,1.37083259255463e-13,0.843898724538359,True,4.934997333196668e-12,True,TabPFN higher,Large
Bank Marketing,F1,TabPFN,XGBoost,105,0.3860451417395974,0.3645421731383709,0.021502968601226538,0.07523708708020806,0.007111888362304541,0.03589404884014853,1224.0,7.703578910382858e-06,0.5152475247524753,True,0.00016947873602842287,True,TabPFN higher,Large
Bank Marketing,F1,TabPFN,LightGBM,105,0.3860451417395974,0.3478876840350179,0.038157457704579456,0.06508812718355986,0.025707634123541642,0.05060728128561727,736.0,2.1391325829762642e-09,0.6965574108431252,True,5.98957123233354e-08,True,TabPFN higher,Large
Bank Marketing,F1,TabPFN,CatBoost,105,0.3860451417395974,0.3464182391785499,0.039626902561047485,0.0535240802877124,0.029389008405020275,0.049864796717074694,539.0,1.962311611080114e-12,0.7987303958177745,True,6.671859477672387e-11,True,TabPFN higher,Large
Bank Marketing,ROC_AUC,TabPFN,XGBoost,105,0.871611011352019,0.8144820693765252,0.0571289419754938,0.05680600927307572,0.04626329221116591,0.0679945917398217,86.0,6.6838504001286246e-18,0.9690925426774484,True,2.9408941760565946e-16,True,TabPFN higher,Large
Bank Marketing,ROC_AUC,TabPFN,LightGBM,105,0.871611011352019,0.8114907474874831,0.06012026386453627,0.07104966431677011,0.04653013883695414,0.0737103888921184,57.0,2.9618388291606444e-18,0.9795148247978437,True,1.33282747312229e-16,True,TabPFN higher,Large
Bank Marketing,ROC_AUC,TabPFN,CatBoost,105,0.871611011352019,0.8581072418787747,0.01350376947324438,0.01894203104140085,0.009880605696125472,0.01712693325036329,456.0,1.0270318365987538e-13,0.8361185983827494,True,3.800017795415389e-12,True,TabPFN higher,Large
Credit-G,Accuracy,TabPFN,XGBoost,50,0.7145000000000001,0.6975,0.016999999999999994,0.029554515522253133,0.008807906250536433,0.025192093749463556,243.5,0.00040547125669718317,0.5935374149659864,True,0.006893011363852114,True,TabPFN higher,Large
Credit-G,Accuracy,TabPFN,LightGBM,50,0.7145000000000001,0.704,0.010500000000000002,0.029730936268953435,0.0022590049144536,0.018740995085546407,246.0,0.006079910055293604,0.4714587737843552,True,0.08511874077411045,False,TabPFN higher,Medium
Credit-G,Accuracy,TabPFN,CatBoost,50,0.7145000000000001,0.7212000000000001,-0.006700000000000006,0.028724767099107335,-0.014662099220682954,0.0012620992206829416,387.0,0.20692799592089683,-0.20404040404040405,False,1.0,False,TabPFN lower,Small
Credit-G,Precision,TabPFN,XGBoost,50,0.7550363509076753,0.762067366386654,-0.007031015478978715,0.025916198032200355,-0.014214619072466508,0.00015258811450907794,448.0,0.10177054779297662,-0.26857142857142857,False,1.0,False,TabPFN lower,Small
Credit-G,Precision,TabPFN,LightGBM,50,0.7550363509076753,0.7531913267577319,0.0018450241499433262,0.0257549746081661,-0.005293890590387538,0.008983938890274192,493.0,0.45244894856388884,0.12588652482269502,False,1.0,False,TabPFN higher,Small
Credit-G,Precision,TabPFN,CatBoost,50,0.7550363509076753,0.754167404363402,0.0008689465442732924,0.022638638126503113,-0.005406163793869545,0.007144056882416131,613.0,0.81837027658068,0.038431372549019606,False,1.0,False,TabPFN higher,Negligible
Credit-G,Recall,TabPFN,XGBoost,50,0.885857142857143,0.8320000000000001,0.053857142857142846,0.08175004314587456,0.031197186987812476,0.07651709872647322,126.0,3.5450641317405374e-06,0.7801418439716312,True,8.153647503003236e-05,True,TabPFN higher,Large
Credit-G,Recall,TabPFN,LightGBM,50,0.885857142857143,0.8717142857142858,0.014142857142857134,0.07586087904576379,-0.006884705721155425,0.03517042000686969,407.0,0.09650965861375702,0.28368794326241137,False,1.0,False,TabPFN higher,Small
Credit-G,Recall,TabPFN,CatBoost,50,0.885857142857143,0.8957142857142858,-0.009857142857142882,0.05483476371749359,-0.025056563898748378,0.0053422781844626125,433.5,0.24222888743397009,-0.20259019426456984,False,1.0,False,TabPFN lower,Small
Credit-G,F1,TabPFN,XGBoost,50,0.8126272842414083,0.7931242799377825,0.019503004303625716,0.028436072429940167,0.01162092716258089,0.027385081444670542,165.0,8.53065594451054e-06,0.7306122448979592,True,0.00017914377483472136,True,TabPFN higher,Large
Credit-G,F1,TabPFN,LightGBM,50,0.8126272842414083,0.8035580672030533,0.009069217038354761,0.02723509569384957,0.0015200336646116188,0.016618400412097903,318.0,0.009235508361338239,0.43617021276595747,True,0.1200616086973971,False,TabPFN higher,Medium
Credit-G,F1,TabPFN,CatBoost,50,0.8126272842414083,0.8181504043815677,-0.0055231201401594165,0.022581477515214422,-0.011782386365205524,0.0007361460848866923,513.0,0.23352895058251377,-0.1952941176470588,False,1.0,False,TabPFN lower,Small
Credit-G,ROC_AUC,TabPFN,XGBoost,50,0.7145904761904761,0.6742488095238095,0.04034166666666666,0.04012987602696826,0.029218232539663526,0.05146510079366979,107.0,1.6183291151605772e-08,0.832156862745098,True,4.3694886109335584e-07,True,TabPFN higher,Large
Credit-G,ROC_AUC,TabPFN,LightGBM,50,0.7145904761904761,0.6397607142857143,0.0748297619047619,0.06453753252963826,0.05694087056280209,0.09271865324672171,58.0,1.4432899320127035e-10,0.9090196078431373,True,4.3298697960381105e-09,True,TabPFN higher,Large
Credit-G,ROC_AUC,TabPFN,CatBoost,50,0.7145904761904761,0.7213380952380953,-0.0067476190476190535,0.0341815195449605,-0.01622225287812787,0.0027270147828897624,564.0,0.4779992100249857,-0.11529411764705882,False,1.0,False,TabPFN lower,Small
