Dataset,Training_Regime,Metric,Comparison,N,TabPFN_Mean,Tree_Mean,Mean_Difference,Difference_SD
Adult,Small,Accuracy,TabPFN vs XGBoost,30,0.7911898181321868,0.7749309038796194,0.01625891425256765,0.03207426318061841
Adult,Small,Accuracy,TabPFN vs LightGBM,30,0.7911898181321868,0.7692872010099976,0.021902617122189234,0.0322854848940663
Adult,Small,Accuracy,TabPFN vs CatBoost,30,0.7911898181321868,0.7960794349472824,-0.004889616815095366,0.02583842731643028
Adult,Small,Precision,TabPFN vs XGBoost,30,0.6177901007395791,0.4634114801156726,0.15437862062390645,0.2621995330785251
Adult,Small,Precision,TabPFN vs LightGBM,30,0.6177901007395791,0.2773353197897713,0.3404547809498077,0.29991205190551257
Adult,Small,Precision,TabPFN vs CatBoost,30,0.6177901007395791,0.6630325981325501,-0.045242497392970996,0.1527355359033369
Adult,Small,Recall,TabPFN vs XGBoost,30,0.33547191331622467,0.3450242372398061,-0.009552323923581412,0.14483007734688247
Adult,Small,Recall,TabPFN vs LightGBM,30,0.33547191331622467,0.2215568862275449,0.1139150270886798,0.1723453478179671
Adult,Small,Recall,TabPFN vs CatBoost,30,0.33547191331622467,0.3200741374394068,0.015397775876817805,0.10399969798876184
Adult,Small,F1,TabPFN vs XGBoost,30,0.3935211727427847,0.3785175435874007,0.015003629155383929,0.15075255853689598
Adult,Small,F1,TabPFN vs LightGBM,30,0.3935211727427847,0.23979679295673503,0.15372437978604966,0.18114778069379187
Adult,Small,F1,TabPFN vs CatBoost,30,0.3935211727427847,0.40466970034454514,-0.01114852760176044,0.09646089261818291
Adult,Small,ROC_AUC,TabPFN vs XGBoost,30,0.799253124947598,0.7303915718556158,0.06886155309198203,0.08950818022366469
Adult,Small,ROC_AUC,TabPFN vs LightGBM,30,0.799253124947598,0.6418879516089416,0.15736517333865632,0.11523444715759476
Adult,Small,ROC_AUC,TabPFN vs CatBoost,30,0.799253124947598,0.8015146006121061,-0.002261475664508106,0.0317567037570814
Adult,Medium,Accuracy,TabPFN vs XGBoost,25,0.8401392158869894,0.82426451018528,0.01587470570170949,0.007346633217372094
Adult,Medium,Accuracy,TabPFN vs LightGBM,25,0.8401392158869894,0.8222008393899068,0.017938376497082617,0.010023036975491336
Adult,Medium,Accuracy,TabPFN vs CatBoost,25,0.8401392158869894,0.8443893950250794,-0.004250179138089889,0.004662192596202154
Adult,Medium,Precision,TabPFN vs XGBoost,25,0.7097350185356609,0.6587777917216867,0.05095722681397425,0.022516275227716716
Adult,Medium,Precision,TabPFN vs LightGBM,25,0.7097350185356609,0.6539208879586812,0.05581413057697982,0.028343408820538884
Adult,Medium,Precision,TabPFN vs CatBoost,25,0.7097350185356609,0.7354433421902948,-0.02570832365463368,0.013865741926688333
Adult,Medium,Recall,TabPFN vs XGBoost,25,0.5717707442258341,0.5589221556886228,0.012848588537211283,0.034779272431343135
Adult,Medium,Recall,TabPFN vs LightGBM,25,0.5717707442258341,0.5518905047048759,0.01988023952095808,0.03674275425337119
Adult,Medium,Recall,TabPFN vs CatBoost,25,0.5717707442258341,0.5536869118905048,0.018083832335329356,0.02342160716623816
Adult,Medium,F1,TabPFN vs XGBoost,25,0.6302892425713743,0.6024360339759723,0.027853208595402027,0.02176450604172546
Adult,Medium,F1,TabPFN vs LightGBM,25,0.6302892425713743,0.5964023080628779,0.0338869345084965,0.02807791583488734
Adult,Medium,F1,TabPFN vs CatBoost,25,0.6302892425713743,0.6288753680134535,0.0014138745579208621,0.015129676117503954
Adult,Medium,ROC_AUC,TabPFN vs XGBoost,25,0.8899982916685805,0.8629448709709021,0.027053420697678403,0.009878582893775967
Adult,Medium,ROC_AUC,TabPFN vs LightGBM,25,0.8899982916685805,0.858925261536446,0.031073030132134343,0.021496150797861352
Adult,Medium,ROC_AUC,TabPFN vs CatBoost,25,0.8899982916685805,0.8922388466046165,-0.0022405549360359654,0.0054758537558762125
Adult,Large,Accuracy,TabPFN vs XGBoost,50,0.8586385505169413,0.8559320298904699,0.002706520626471498,0.0071118771022905675
Adult,Large,Accuracy,TabPFN vs LightGBM,50,0.8586385505169413,0.8597625140751357,-0.0011239635581942874,0.007526367760580129
Adult,Large,Accuracy,TabPFN vs CatBoost,50,0.8586385505169413,0.8660006141877368,-0.007362063670795369,0.00371827714984571
Adult,Large,Precision,TabPFN vs XGBoost,50,0.7508647063034352,0.7293015018811198,0.02156320442231541,0.021003790416134125
Adult,Large,Precision,TabPFN vs LightGBM,50,0.7508647063034352,0.743396194687514,0.007468511615921241,0.023486067382122527
Adult,Large,Precision,TabPFN vs CatBoost,50,0.7508647063034352,0.7737952557092798,-0.022930549405844703,0.008391339681336419
Adult,Large,Recall,TabPFN vs XGBoost,50,0.6128058169375535,0.6336526946107786,-0.020846877673224976,0.01211392216083515
Adult,Large,Recall,TabPFN vs LightGBM,50,0.6128058169375535,0.6331650983746793,-0.020359281437125742,0.012744184939756056
Adult,Large,Recall,TabPFN vs CatBoost,50,0.6128058169375535,0.6218905047048761,-0.00908468776732249,0.013344817429275277
Adult,Large,F1,TabPFN vs XGBoost,50,0.6747224783879129,0.6780140748715645,-0.003291596483651722,0.013745067132680916
Adult,Large,F1,TabPFN vs LightGBM,50,0.6747224783879129,0.683707247570661,-0.008984769182748027,0.014527863192960467
Adult,Large,F1,TabPFN vs CatBoost,50,0.6747224783879129,0.6893785207078865,-0.01465604231997373,0.01021669293238123
Adult,Large,ROC_AUC,TabPFN vs XGBoost,50,0.9116306265144317,0.9076159751550592,0.004014651359372479,0.009192226617697042
Adult,Large,ROC_AUC,TabPFN vs LightGBM,50,0.9116306265144317,0.9122786107812059,-0.0006479842667741332,0.008776684645322561
Adult,Large,ROC_AUC,TabPFN vs CatBoost,50,0.9116306265144317,0.9182169757031297,-0.0065863491886979575,0.0036066345896425245
Bank Marketing,Small,Accuracy,TabPFN vs XGBoost,30,0.8818717977072504,0.8733937852482582,0.008478012458992228,0.019111254830120532
Bank Marketing,Small,Accuracy,TabPFN vs LightGBM,30,0.8818717977072504,0.8736112646982932,0.008260533008957193,0.018805735171110824
Bank Marketing,Small,Accuracy,TabPFN vs CatBoost,30,0.8818717977072504,0.885602123189207,-0.0037303254819565685,0.010062128424806683
Bank Marketing,Small,Precision,TabPFN vs XGBoost,30,0.38109202225970595,0.24216316692798842,0.1389288553317176,0.22881732540741492
Bank Marketing,Small,Precision,TabPFN vs LightGBM,30,0.38109202225970595,0.15917767494291044,0.22191434731679552,0.25164475959549826
Bank Marketing,Small,Precision,TabPFN vs CatBoost,30,0.38109202225970595,0.5307582667287618,-0.14966624446905596,0.3033471855165514
Bank Marketing,Small,Recall,TabPFN vs XGBoost,30,0.08591682419659732,0.10649023314429737,-0.02057340894770007,0.08250670250799574
Bank Marketing,Small,Recall,TabPFN vs LightGBM,30,0.08591682419659732,0.074700693131695,0.01121613106490232,0.06934869598953702
Bank Marketing,Small,Recall,TabPFN vs CatBoost,30,0.08591682419659732,0.05545053560176429,0.030466288594833035,0.06727151490552098
Bank Marketing,Small,F1,TabPFN vs XGBoost,30,0.1265562985634469,0.14422294370835817,-0.01766664514491123,0.09695743739787957
Bank Marketing,Small,F1,TabPFN vs LightGBM,30,0.1265562985634469,0.09811961471105676,0.02843668385239017,0.08151731055321237
Bank Marketing,Small,F1,TabPFN vs CatBoost,30,0.1265562985634469,0.09261886838056525,0.033937430182881693,0.08647306177809147
Bank Marketing,Small,ROC_AUC,TabPFN vs XGBoost,30,0.7519905706943429,0.6436972028129302,0.10829336788141282,0.08373211509731483
Bank Marketing,Small,ROC_AUC,TabPFN vs LightGBM,30,0.7519905706943429,0.6194764817776242,0.13251408891671887,0.09771030030254525
Bank Marketing,Small,ROC_AUC,TabPFN vs CatBoost,30,0.7519905706943429,0.7325910783412029,0.01939949235314011,0.03358917586342114
Bank Marketing,Medium,Accuracy,TabPFN vs XGBoost,25,0.8953267720889087,0.8823885878580117,0.012938184230896791,0.005668378361766816
Bank Marketing,Medium,Accuracy,TabPFN vs LightGBM,25,0.8953267720889087,0.8829415017140331,0.012385270374875579,0.005846960545783217
Bank Marketing,Medium,Accuracy,TabPFN vs CatBoost,25,0.8953267720889087,0.8930885767997345,0.002238195289173932,0.0036910578814945837
Bank Marketing,Medium,Precision,TabPFN vs XGBoost,25,0.6236566748785012,0.4965346214303532,0.127122053448148,0.06200124304261939
Bank Marketing,Medium,Precision,TabPFN vs LightGBM,25,0.6236566748785012,0.501211003270886,0.1224456716076152,0.06604080006241048
Bank Marketing,Medium,Precision,TabPFN vs CatBoost,25,0.6236566748785012,0.6021696864284916,0.021486988450009594,0.0661014528871683
Bank Marketing,Medium,Recall,TabPFN vs XGBoost,25,0.2699810964083175,0.2907372400756143,-0.020756143667296802,0.08103616470893
Bank Marketing,Medium,Recall,TabPFN vs LightGBM,25,0.2699810964083175,0.27323251417769373,-0.0032514177693761847,0.0867787249750675
Bank Marketing,Medium,Recall,TabPFN vs CatBoost,25,0.2699810964083175,0.23353497164461245,0.036446124763705096,0.051901806802101325
Bank Marketing,Medium,F1,TabPFN vs XGBoost,25,0.3652484118845469,0.36549310828288517,-0.00024469639833824,0.0858933249623102
Bank Marketing,Medium,F1,TabPFN vs LightGBM,25,0.3652484118845469,0.35193158892695725,0.01331682295758969,0.09092136288864774
Bank Marketing,Medium,F1,TabPFN vs CatBoost,25,0.3652484118845469,0.3285022976283355,0.036746114256211465,0.053906548277483604
Bank Marketing,Medium,ROC_AUC,TabPFN vs XGBoost,25,0.8906690758783306,0.8363953442951281,0.05427373158320241,0.016530102053839223
Bank Marketing,Medium,ROC_AUC,TabPFN vs LightGBM,25,0.8906690758783306,0.8387789013663378,0.051890174511992626,0.01697134357810166
Bank Marketing,Medium,ROC_AUC,TabPFN vs CatBoost,25,0.8906690758783306,0.8799929215104408,0.01067615436788968,0.010474547538523196
Bank Marketing,Large,Accuracy,TabPFN vs XGBoost,50,0.9089616277783922,0.898277120424638,0.01068450735375428,0.0021941968107363394
Bank Marketing,Large,Accuracy,TabPFN vs LightGBM,50,0.9089616277783922,0.9008691805816652,0.00809244719672675,0.0025860421342989905
Bank Marketing,Large,Accuracy,TabPFN vs CatBoost,50,0.9089616277783922,0.9052327767333849,0.0037288510450071842,0.0016491661988248154
Bank Marketing,Large,Precision,TabPFN vs XGBoost,50,0.6482652121586099,0.5884353764340782,0.05982983572453177,0.021715790206569996
Bank Marketing,Large,Precision,TabPFN vs LightGBM,50,0.6482652121586099,0.609794529976299,0.038470682182311006,0.026511152132204313
Bank Marketing,Large,Precision,TabPFN vs CatBoost,50,0.6482652121586099,0.6450949260217935,0.003170286136816527,0.011322300268622932
Bank Marketing,Large,Recall,TabPFN vs XGBoost,50,0.485765595463138,0.43024574669187143,0.05551984877126654,0.033417041007043895
Bank Marketing,Large,Recall,TabPFN vs LightGBM,50,0.485765595463138,0.41928166351606805,0.06648393194706995,0.027493962174169367
Bank Marketing,Large,Recall,TabPFN vs CatBoost,50,0.485765595463138,0.42145557655954635,0.0643100189035917,0.021213179284720052
Bank Marketing,Large,F1,TabPFN vs XGBoost,50,0.5521368125728129,0.49625824322412126,0.05587856934869159,0.021229076873049386
Bank Marketing,Large,F1,TabPFN vs LightGBM,50,0.5521368125728129,0.495726573183425,0.05641023938938791,0.017240854652085226
Bank Marketing,Large,F1,TabPFN vs CatBoost,50,0.5521368125728129,0.5076558324324479,0.044480980140364966,0.013547528701864264
Bank Marketing,Large,ROC_AUC,TabPFN vs XGBoost,50,0.9338542434834691,0.9059963518553811,0.027857891628088095,0.009195908413625322
Bank Marketing,Large,ROC_AUC,TabPFN vs LightGBM,50,0.9338542434834691,0.9130552299739705,0.020799013509498542,0.010087281745506469
Bank Marketing,Large,ROC_AUC,TabPFN vs CatBoost,50,0.9338542434834691,0.9224741001854849,0.011380143297984289,0.003178878942138922
Credit-G,Small,Accuracy,TabPFN vs XGBoost,30,0.6998333333333334,0.6846666666666666,0.015166666666666651,0.03394933683099519
Credit-G,Small,Accuracy,TabPFN vs LightGBM,30,0.6998333333333334,0.6961666666666666,0.003666666666666666,0.028555249935004478
Credit-G,Small,Accuracy,TabPFN vs CatBoost,30,0.6998333333333334,0.7104999999999999,-0.01066666666666668,0.027219837255756767
Credit-G,Small,Precision,TabPFN vs XGBoost,30,0.7321986578102365,0.7455598272736622,-0.013361169463425656,0.027858972221082183
Credit-G,Small,Precision,TabPFN vs LightGBM,30,0.7321986578102365,0.7303440261196813,0.0018546316905552048,0.028418643331780735
Credit-G,Small,Precision,TabPFN vs CatBoost,30,0.7321986578102365,0.7406238035805103,-0.008425145770273848,0.020569419627472336
Credit-G,Small,Recall,TabPFN vs XGBoost,30,0.9083333333333333,0.8421428571428571,0.06619047619047617,0.10167377101268521
Credit-G,Small,Recall,TabPFN vs LightGBM,30,0.9083333333333333,0.9104761904761905,-0.0021428571428571573,0.08919749336139647
Credit-G,Small,Recall,TabPFN vs CatBoost,30,0.9083333333333333,0.9045238095238094,0.003809523809523774,0.06031040202991201
Credit-G,Small,F1,TabPFN vs XGBoost,30,0.8082962151016299,0.7876938972959295,0.020602317805700383,0.03450106922624042
Credit-G,Small,F1,TabPFN vs LightGBM,30,0.8082962151016299,0.8060359625919414,0.002260252509688491,0.028177294378257153
Credit-G,Small,F1,TabPFN vs CatBoost,30,0.8082962151016299,0.8139190961875262,-0.005622881085896325,0.022796375561296225
Credit-G,Small,ROC_AUC,TabPFN vs XGBoost,30,0.6767142857142858,0.637593253968254,0.03912103174603174,0.049722600390898916
Credit-G,Small,ROC_AUC,TabPFN vs LightGBM,30,0.6767142857142858,0.581422619047619,0.09529166666666662,0.07454859554072876
Credit-G,Small,ROC_AUC,TabPFN vs CatBoost,30,0.6767142857142858,0.692186507936508,-0.015472222222222243,0.03850593838319893
Credit-G,Medium,Accuracy,TabPFN vs XGBoost,20,0.7365,0.71675,0.019750000000000007,0.021913406134625734
Credit-G,Medium,Accuracy,TabPFN vs LightGBM,20,0.7365,0.7157500000000001,0.020750000000000008,0.029167167915492363
Credit-G,Medium,Accuracy,TabPFN vs CatBoost,20,0.7365,0.73725,-0.0007499999999999951,0.03057669391098908
Credit-G,Medium,Precision,TabPFN vs XGBoost,20,0.7892928905538334,0.7868286750561417,0.0024642154976916965,0.019732360981953762
Credit-G,Medium,Precision,TabPFN vs LightGBM,20,0.7892928905538334,0.7874622777148079,0.0018306128390255083,0.021862790833651575
Credit-G,Medium,Precision,TabPFN vs CatBoost,20,0.7892928905538334,0.7744828055377395,0.014810085016094005,0.018302211238343018
Credit-G,Medium,Recall,TabPFN vs XGBoost,20,0.8521428571428571,0.8167857142857142,0.035357142857142865,0.029265534951249648
Credit-G,Medium,Recall,TabPFN vs LightGBM,20,0.8521428571428571,0.8135714285714286,0.038571428571428576,0.04063142868245786
Credit-G,Medium,Recall,TabPFN vs CatBoost,20,0.8521428571428571,0.8825000000000001,-0.030357142857142867,0.038281772325400386
Credit-G,Medium,F1,TabPFN vs XGBoost,20,0.8191238879510758,0.8012698539005619,0.017854034050513716,0.016241393232870507
Credit-G,Medium,F1,TabPFN vs LightGBM,20,0.8191238879510758,0.7998412241197216,0.019282663831354168,0.022761675954466296
Credit-G,Medium,F1,TabPFN vs CatBoost,20,0.8191238879510758,0.8244973666726299,-0.005373478721554054,0.022843770739117964
Credit-G,Medium,ROC_AUC,TabPFN vs XGBoost,20,0.7714047619047619,0.7292321428571429,0.04217261904761905,0.019331487304918318
Credit-G,Medium,ROC_AUC,TabPFN vs LightGBM,20,0.7714047619047619,0.7272678571428572,0.04413690476190479,0.024624064335456598
Credit-G,Medium,ROC_AUC,TabPFN vs CatBoost,20,0.7714047619047619,0.765065476190476,0.0063392857142857304,0.021204547262817886
