Dataset,Samples,Baseline,Metric,TabPFN_Mean,Baseline_Mean,Difference
Adult,10,XGBoost,Accuracy,0.7525847067253557,0.7606715119254785,-0.008086805200122837
Adult,10,XGBoost,Precision,0.4991880533710856,0.0,0.4991880533710856
Adult,10,XGBoost,Recall,0.1500427715996578,0.0,0.1500427715996578
Adult,10,XGBoost,F1,0.18690709633492483,0.0,0.18690709633492483
Adult,10,XGBoost,ROC_AUC,0.7003607296048655,0.5,0.2003607296048655
Adult,10,LightGBM,Accuracy,0.7525847067253557,0.7606715119254785,-0.008086805200122837
Adult,10,LightGBM,Precision,0.4991880533710856,0.0,0.4991880533710856
Adult,10,LightGBM,Recall,0.1500427715996578,0.0,0.1500427715996578
Adult,10,LightGBM,F1,0.18690709633492483,0.0,0.18690709633492483
Adult,10,LightGBM,ROC_AUC,0.7003607296048655,0.5,0.2003607296048655
Adult,10,CatBoost,Accuracy,0.7525847067253557,0.762657385607534,-0.010072678882178332
Adult,10,CatBoost,Precision,0.4991880533710856,0.5674775340238705,-0.06828948065278484
Adult,10,CatBoost,Recall,0.1500427715996578,0.14217279726261758,0.007869974337040203
Adult,10,CatBoost,F1,0.18690709633492483,0.21404899832336072,-0.027141901988435885
Adult,10,CatBoost,ROC_AUC,0.7003607296048655,0.7122340589022083,-0.01187332929734275
Adult,20,XGBoost,Accuracy,0.7607124577745931,0.766403930801515,-0.005691473026921967
Adult,20,XGBoost,Precision,0.5292806308059215,0.5138276724405353,0.015452958365386182
Adult,20,XGBoost,Recall,0.2397775876817793,0.30153977758768175,-0.06176218990590246
Adult,20,XGBoost,F1,0.2971878438686974,0.35276505098266353,-0.05557720711396613
Adult,20,XGBoost,ROC_AUC,0.7201246045886196,0.754113423766689,-0.033988819178069396
Adult,20,LightGBM,Accuracy,0.7607124577745931,0.7606715119254785,4.0945849114515376e-05
Adult,20,LightGBM,Precision,0.5292806308059215,0.0,0.5292806308059215
Adult,20,LightGBM,Recall,0.2397775876817793,0.0,0.2397775876817793
Adult,20,LightGBM,F1,0.2971878438686974,0.0,0.2971878438686974
Adult,20,LightGBM,ROC_AUC,0.7201246045886196,0.5,0.2201246045886196
Adult,20,CatBoost,Accuracy,0.7607124577745931,0.7807145050670489,-0.020002047292455805
Adult,20,CatBoost,Precision,0.5292806308059215,0.6040735364534694,-0.07479290564754792
Adult,20,CatBoost,Recall,0.2397775876817793,0.28665526090675786,-0.04687767322497857
Adult,20,CatBoost,F1,0.2971878438686974,0.36051750519096465,-0.06332966132226725
Adult,20,CatBoost,ROC_AUC,0.7201246045886196,0.7580067789906086,-0.037882174401989044
Adult,35,XGBoost,Accuracy,0.7915856280069609,0.7662606203296141,0.0253250076773468
Adult,35,XGBoost,Precision,0.6431792416439196,0.5243195910191097,0.11885965062480985
Adult,35,XGBoost,Recall,0.22035928143712571,0.3911890504704876,-0.17082976903336186
Adult,35,XGBoost,F1,0.2797645475267377,0.42778791023521895,-0.14802336270848127
Adult,35,XGBoost,ROC_AUC,0.8189084026997623,0.7473009111829977,0.0716074915167646
Adult,35,LightGBM,Accuracy,0.7915856280069609,0.7606715119254785,0.030914116081482312
Adult,35,LightGBM,Precision,0.6431792416439196,0.0,0.6431792416439196
Adult,35,LightGBM,Recall,0.22035928143712571,0.0,0.22035928143712571
Adult,35,LightGBM,F1,0.2797645475267377,0.0,0.2797645475267377
Adult,35,LightGBM,ROC_AUC,0.8189084026997623,0.5,0.3189084026997623
Adult,35,CatBoost,Accuracy,0.7915856280069609,0.7940423789538336,-0.002456750946872699
Adult,35,CatBoost,Precision,0.6431792416439196,0.7074996883071305,-0.0643204466632109
Adult,35,CatBoost,Recall,0.22035928143712571,0.23669803250641572,-0.016338751069290003
Adult,35,CatBoost,F1,0.2797645475267377,0.3316783883560091,-0.05191384082927142
Adult,35,CatBoost,ROC_AUC,0.8189084026997623,0.8163466250496872,0.0025617776500750367
Adult,50,XGBoost,Accuracy,0.8076568737844202,0.7849933462995189,0.022663527484901302
Adult,50,XGBoost,Precision,0.689221163777768,0.5847807699558151,0.10444039382195291
Adult,50,XGBoost,Recall,0.40290846877673225,0.4485885372112917,-0.04568006843455946
Adult,50,XGBoost,F1,0.48185549131903976,0.4861002936659772,-0.004244802346937415
Adult,50,XGBoost,ROC_AUC,0.8428826699792641,0.7920919968702079,0.05079067310905616
Adult,50,LightGBM,Accuracy,0.8076568737844202,0.7711945951479169,0.03646227863650331
Adult,50,LightGBM,Precision,0.689221163777768,0.5388610687907801,0.15036009498698788
Adult,50,LightGBM,Recall,0.40290846877673225,0.37313943541488453,0.02976903336184772
Adult,50,LightGBM,F1,0.48185549131903976,0.4295427609359506,0.052312730383089145
Adult,50,LightGBM,ROC_AUC,0.8428826699792641,0.7682503267298956,0.07463234324936852
Adult,50,CatBoost,Accuracy,0.8076568737844202,0.8057119459514791,0.0019449278329410902
Adult,50,CatBoost,Precision,0.689221163777768,0.7100153564123575,-0.02079419263458948
Adult,50,CatBoost,Recall,0.40290846877673225,0.36655260906757914,0.036355859709153115
Adult,50,CatBoost,F1,0.48185549131903976,0.4568254023488848,0.025030088970154962
Adult,50,CatBoost,ROC_AUC,0.8428826699792641,0.8227974237809633,0.020085246198300766
Adult,75,XGBoost,Accuracy,0.8172177295526666,0.7815743678984542,0.035643361654212335
Adult,75,XGBoost,Precision,0.6747096899180178,0.5680299838159942,0.1066797061020236
Adult,75,XGBoost,Recall,0.48528656971770745,0.4555175363558597,0.029769033361847774
Adult,75,XGBoost,F1,0.5495195469378433,0.49344489965622723,0.0560746472816161
Adult,75,XGBoost,ROC_AUC,0.851332613623897,0.7902558398975738,0.06107677372632325
Adult,75,LightGBM,Accuracy,0.8172177295526666,0.7782782270447333,0.03893950250793332
Adult,75,LightGBM,Precision,0.6747096899180178,0.5530770221179212,0.12163266780009663
Adult,75,LightGBM,Recall,0.48528656971770745,0.4907613344739093,-0.005474764756201844
Adult,75,LightGBM,F1,0.5495195469378433,0.5080362807356696,0.041483266202173685
Adult,75,LightGBM,ROC_AUC,0.851332613623897,0.7905248963403144,0.060807717283582585
Adult,75,CatBoost,Accuracy,0.8172177295526666,0.8136349677551438,0.0035827617975228154
Adult,75,CatBoost,Precision,0.6747096899180178,0.6909128971035937,-0.016203207185575885
Adult,75,CatBoost,Recall,0.48528656971770745,0.42403763900769886,0.06124893071000859
Adult,75,CatBoost,F1,0.5495195469378433,0.516073288656688,0.03344625828115533
Adult,75,CatBoost,ROC_AUC,0.851332613623897,0.840631488623192,0.01070112500070497
Adult,100,XGBoost,Accuracy,0.8173815129491248,0.7896816460231344,0.027699866925990357
Adult,100,XGBoost,Precision,0.6711618249207618,0.5895108634625814,0.0816509614581804
Adult,100,XGBoost,Recall,0.5144568006843456,0.4733105218135158,0.04114627887082983
Adult,100,XGBoost,F1,0.5658925104694654,0.5110071069843178,0.05488540348514759
Adult,100,XGBoost,ROC_AUC,0.8619097291891793,0.7985872594162272,0.06332246977295208
Adult,100,LightGBM,Accuracy,0.8173815129491248,0.7842358480908997,0.03314566485822501
Adult,100,LightGBM,Precision,0.6711618249207618,0.5720738278299269,0.09908799709083493
Adult,100,LightGBM,Recall,0.5144568006843456,0.4654405474764756,0.04901625320787001
Adult,100,LightGBM,F1,0.5658925104694654,0.50120171606879,0.06469079440067538
Adult,100,LightGBM,ROC_AUC,0.8619097291891793,0.7925524865834396,0.06935724260573972
Adult,100,CatBoost,Accuracy,0.8173815129491248,0.8197154263486539,-0.0023339133995291528
Adult,100,CatBoost,Precision,0.6711618249207618,0.6982165764948789,-0.027054751574117075
Adult,100,CatBoost,Recall,0.5144568006843456,0.4643284858853721,0.050128314798973506
Adult,100,CatBoost,F1,0.5658925104694654,0.5488746191913638,0.017017891278101605
Adult,100,CatBoost,ROC_AUC,0.8619097291891793,0.8590712283259767,0.0028385008632025865
Adult,150,XGBoost,Accuracy,0.827065206264715,0.8049749206674173,0.022090285597297754
Adult,150,XGBoost,Precision,0.6798509958905079,0.624842239096105,0.05500875679440287
Adult,150,XGBoost,Recall,0.5593669803250642,0.5132591958939264,0.04610778443113772
Adult,150,XGBoost,F1,0.6051320011836931,0.5549984075442541,0.050133593639439034
Adult,150,XGBoost,ROC_AUC,0.8693438315133963,0.8347914932002307,0.03455233831316562
Adult,150,LightGBM,Accuracy,0.827065206264715,0.7971337905619817,0.029931415702733277
Adult,150,LightGBM,Precision,0.6798509958905079,0.5965178793938553,0.08333311649665265
Adult,150,LightGBM,Recall,0.5593669803250642,0.5056458511548332,0.053721129170230975
Adult,150,LightGBM,F1,0.6051320011836931,0.5398849435203364,0.0652470576633567
Adult,150,LightGBM,ROC_AUC,0.8693438315133963,0.8125237154734881,0.05682011603990822
Adult,150,CatBoost,Accuracy,0.827065206264715,0.8297471593817176,-0.002681953117002589
Adult,150,CatBoost,Precision,0.6798509958905079,0.7067371036042873,-0.026886107713779417
Adult,150,CatBoost,Recall,0.5593669803250642,0.5194183062446535,0.039948674080410695
Adult,150,CatBoost,F1,0.6051320011836931,0.5910027617153026,0.014129239468390509
Adult,150,CatBoost,ROC_AUC,0.8693438315133963,0.8724493915450718,-0.0031055600316755028
Adult,250,XGBoost,Accuracy,0.8350905926911659,0.8174634046473539,0.017627188043812025
Adult,250,XGBoost,Precision,0.7021676779280754,0.6479270143723761,0.05424066355569934
Adult,250,XGBoost,Recall,0.5497005988023952,0.5219846022241231,0.027715996578272062
Adult,250,XGBoost,F1,0.6134702066857993,0.5770792570322036,0.03639094965359568
Adult,250,XGBoost,ROC_AUC,0.8860939347442723,0.8553515208466509,0.030742413897621446
Adult,250,LightGBM,Accuracy,0.8350905926911659,0.8118947691677756,0.023195823523390335
Adult,250,LightGBM,Precision,0.7021676779280754,0.6358878813965878,0.06627979653148763
Adult,250,LightGBM,Recall,0.5497005988023952,0.5076133447390931,0.04208725406330205
Adult,250,LightGBM,F1,0.6134702066857993,0.5630470880932397,0.05042311859255966
Adult,250,LightGBM,ROC_AUC,0.8860939347442723,0.8481842704808965,0.03790966426337583
Adult,250,CatBoost,Accuracy,0.8350905926911659,0.8397379465656669,-0.004647353874500992
Adult,250,CatBoost,Precision,0.7021676779280754,0.7381932350398327,-0.036025557111757256
Adult,250,CatBoost,Recall,0.5497005988023952,0.5220701454234389,0.02763045337895631
Adult,250,CatBoost,F1,0.6134702066857993,0.6076925576076277,0.005777649078171576
Adult,250,CatBoost,ROC_AUC,0.8860939347442723,0.8880727270299357,-0.0019787922856633333
Adult,500,XGBoost,Accuracy,0.8439144231753506,0.8269628416419286,0.016951581533422022
Adult,500,XGBoost,Precision,0.714090813781364,0.6604899339298148,0.053600879851549155
Adult,500,XGBoost,Recall,0.58562874251497,0.5701454234388367,0.015483319076133317
Adult,500,XGBoost,F1,0.6415438871137299,0.6115619900280533,0.029981897085676557
Adult,500,XGBoost,ROC_AUC,0.8954746830233644,0.8686966743599139,0.02677800866345048
Adult,500,LightGBM,Accuracy,0.8439144231753506,0.8279864878697921,0.01592793530555847
Adult,500,LightGBM,Precision,0.714090813781364,0.6674316711340051,0.04665914264735882
Adult,500,LightGBM,Recall,0.58562874251497,0.5631308810949529,0.022497861420017085
Adult,500,LightGBM,F1,0.6415438871137299,0.6101008003915102,0.03144308672221974
Adult,500,LightGBM,ROC_AUC,0.8954746830233644,0.870751403358575,0.024723279664789377
Adult,500,CatBoost,Accuracy,0.8439144231753506,0.848377520728836,-0.004463097553485396
Adult,500,CatBoost,Precision,0.714090813781364,0.7378022948053998,-0.023711481024035863
Adult,500,CatBoost,Recall,0.58562874251497,0.5706586826347305,0.014970059880239472
Adult,500,CatBoost,F1,0.6415438871137299,0.642771978061466,-0.0012280909477361268
Adult,500,CatBoost,ROC_AUC,0.8954746830233644,0.8967675123252544,-0.0012928293018900083
Adult,750,XGBoost,Accuracy,0.8476814412938888,0.8348039717473641,0.012877469546524689
Adult,750,XGBoost,Precision,0.7264213547342248,0.6766715633004787,0.04974979143374603
Adult,750,XGBoost,Recall,0.5848588537211292,0.5937553464499572,-0.008896492728827976
Adult,750,XGBoost,F1,0.6473091749515758,0.6322309652873483,0.01507820966422746
Adult,750,XGBoost,ROC_AUC,0.8987969962376419,0.87485999222502,0.023937004012621887
Adult,750,LightGBM,Accuracy,0.8476814412938888,0.8376701811853824,0.010011260108506392
Adult,750,LightGBM,Precision,0.7264213547342248,0.688197977680946,0.03822337705327872
Adult,750,LightGBM,Recall,0.5848588537211292,0.5890504704875962,-0.004191616766466955
Adult,750,LightGBM,F1,0.6473091749515758,0.6344716705760376,0.012837504375538211
Adult,750,LightGBM,ROC_AUC,0.8987969962376419,0.8799396592937893,0.01885733694385261
Adult,750,CatBoost,Accuracy,0.8476814412938888,0.8513051489405262,-0.003623707646637442
Adult,750,CatBoost,Precision,0.7264213547342248,0.7481578040143121,-0.021736449280087333
Adult,750,CatBoost,Recall,0.5848588537211292,0.5723695466210437,0.012489307100085556
Adult,750,CatBoost,F1,0.6473091749515758,0.6479962792230524,-0.0006871042714765574
Adult,750,CatBoost,ROC_AUC,0.8987969962376419,0.901003938256482,-0.0022069420188400857
Adult,1000,XGBoost,Accuracy,0.846944416009827,0.837117412222336,0.009827003787490907
Adult,1000,XGBoost,Precision,0.7261442503441329,0.6839582079096592,0.04218604243447366
Adult,1000,XGBoost,Recall,0.5792985457656117,0.5954662104362703,-0.016167664670658666
Adult,1000,XGBoost,F1,0.6439909429220736,0.6363095499880022,0.00768139293407144
Adult,1000,XGBoost,ROC_AUC,0.9002820128242275,0.8810246742226949,0.01925733860153256
Adult,1000,LightGBM,Accuracy,0.846944416009827,0.8363189681646024,0.010625447845224567
Adult,1000,LightGBM,Precision,0.7261442503441329,0.6815690301880115,0.044575220156121365
Adult,1000,LightGBM,Recall,0.5792985457656117,0.5940119760479042,-0.01471343028229255
Adult,1000,LightGBM,F1,0.6439909429220736,0.6345070377332653,0.009483905188808261
Adult,1000,LightGBM,ROC_AUC,0.9002820128242275,0.8832272590754819,0.017054753748745544
Adult,1000,CatBoost,Accuracy,0.846944416009827,0.8527791995086499,-0.0058347834988229375
Adult,1000,CatBoost,Precision,0.7261442503441329,0.7463262734876416,-0.0201820231435087
Adult,1000,CatBoost,Recall,0.5792985457656117,0.583917878528657,-0.00461933276304527
Adult,1000,CatBoost,F1,0.6439909429220736,0.6549132634598186,-0.010922320537745
Adult,1000,CatBoost,ROC_AUC,0.9002820128242275,0.9029006638663384,-0.0026186510421108977
Adult,1500,XGBoost,Accuracy,0.851673661582557,0.8401883509059269,0.011485310676630056
Adult,1500,XGBoost,Precision,0.7405681730085343,0.6885648256298498,0.052003347378684506
Adult,1500,XGBoost,Recall,0.586398631308811,0.6073567151411463,-0.020958083832335328
Adult,1500,XGBoost,F1,0.6541618936940548,0.6452820959714477,0.008879797722607052
Adult,1500,XGBoost,ROC_AUC,0.9043705080754922,0.8859473912202125,0.018423116855279753
Adult,1500,LightGBM,Accuracy,0.851673661582557,0.8415395639267069,0.01013409765585005
Adult,1500,LightGBM,Precision,0.7405681730085343,0.6950364891082442,0.045531683900290054
Adult,1500,LightGBM,Recall,0.586398631308811,0.6029940119760479,-0.01659538066723687
Adult,1500,LightGBM,F1,0.6541618936940548,0.6455205270803374,0.008641366613717394
Adult,1500,LightGBM,ROC_AUC,0.9043705080754922,0.8892502382051746,0.01512026987031767
Adult,1500,CatBoost,Accuracy,0.851673661582557,0.8551335858327362,-0.0034599242501792693
Adult,1500,CatBoost,Precision,0.7405681730085343,0.754620784391301,-0.0140526113827667
Adult,1500,CatBoost,Recall,0.586398631308811,0.5857142857142856,0.0006843455945253485
Adult,1500,CatBoost,F1,0.6541618936940548,0.6591584509725527,-0.004996557278497904
Adult,1500,CatBoost,ROC_AUC,0.9043705080754922,0.906375005914119,-0.002004497838626773
Adult,2000,XGBoost,Accuracy,0.8543351417750026,0.8420718599651961,0.012263281809806514
Adult,2000,XGBoost,Precision,0.7459649734450061,0.6948180116869761,0.05114696175803002
Adult,2000,XGBoost,Recall,0.5938408896492728,0.606928999144568,-0.013088109495295153
Adult,2000,XGBoost,F1,0.6611767365099046,0.6478216205115729,0.013355115998331724
Adult,2000,XGBoost,ROC_AUC,0.9062952933742642,0.8897609763459412,0.016534317028322976
Adult,2000,LightGBM,Accuracy,0.8543351417750026,0.8460640802538644,0.008271061521138212
Adult,2000,LightGBM,Precision,0.7459649734450061,0.7077977969147242,0.0381671765302819
Adult,2000,LightGBM,Recall,0.5938408896492728,0.6081266039349872,-0.014285714285714346
Adult,2000,LightGBM,F1,0.6611767365099046,0.654061759990958,0.0071149765189466585
Adult,2000,LightGBM,ROC_AUC,0.9062952933742642,0.8953134103210616,0.010981883053202579
Adult,2000,CatBoost,Accuracy,0.8543351417750026,0.8578155389497389,-0.0034803971747363605
Adult,2000,CatBoost,Precision,0.7459649734450061,0.7612417675599444,-0.015276794114938319
Adult,2000,CatBoost,Recall,0.5938408896492728,0.5919589392643284,0.0018819503849444308
Adult,2000,CatBoost,F1,0.6611767365099046,0.6657815873775325,-0.004604850867627852
Adult,2000,CatBoost,ROC_AUC,0.9062952933742642,0.9090803282989359,-0.0027850349246717476
Adult,3000,XGBoost,Accuracy,0.8565462176271881,0.8491554918620124,0.007390725765175632
Adult,3000,XGBoost,Precision,0.7434008596605748,0.7116567793365796,0.03174408032399523
Adult,3000,XGBoost,Recall,0.6123182207014543,0.6222412318220701,-0.009923011120615888
Adult,3000,XGBoost,F1,0.6713817285997545,0.663684543944578,0.007697184655176548
Adult,3000,XGBoost,ROC_AUC,0.908425268385888,0.8975088579401552,0.010916410445732772
Adult,3000,LightGBM,Accuracy,0.8565462176271881,0.8510799467703961,0.005466270856791966
Adult,3000,LightGBM,Precision,0.7434008596605748,0.7230531547105896,0.020347704949985168
Adult,3000,LightGBM,Recall,0.6123182207014543,0.6130881094952951,-0.0007698887938408783
Adult,3000,LightGBM,F1,0.6713817285997545,0.6631814790953249,0.008200249504429657
Adult,3000,LightGBM,ROC_AUC,0.908425268385888,0.9030950095886432,0.005330258797244802
Adult,3000,CatBoost,Accuracy,0.8565462176271881,0.8606612754631999,-0.004115057836011848
Adult,3000,CatBoost,Precision,0.7434008596605748,0.7661687604262358,-0.022767900765661042
Adult,3000,CatBoost,Recall,0.6123182207014543,0.6023096663815226,0.01000855431993164
Adult,3000,CatBoost,F1,0.6713817285997545,0.6740278405627698,-0.0026461119630152297
Adult,3000,CatBoost,ROC_AUC,0.908425268385888,0.9111887937603079,-0.0027635253744199284
Adult,4000,XGBoost,Accuracy,0.8572627699866926,0.8501586651653188,0.007104104821373802
Adult,4000,XGBoost,Precision,0.7460773700442745,0.7138107210052341,0.03226664903904042
Adult,4000,XGBoost,Recall,0.6120615911035073,0.6245508982035928,-0.012489307100085445
Adult,4000,XGBoost,F1,0.6723403929658003,0.6660331693012358,0.0063072236645644875
Adult,4000,XGBoost,ROC_AUC,0.9097692325136911,0.9017824320215905,0.007986800492100654
Adult,4000,LightGBM,Accuracy,0.8572627699866926,0.854969802436278,0.0022929675504146374
Adult,4000,LightGBM,Precision,0.7460773700442745,0.7296711679926926,0.016406202051581942
Adult,4000,LightGBM,Recall,0.6120615911035073,0.6266894781864842,-0.01462788708297691
Adult,4000,LightGBM,F1,0.6723403929658003,0.6740184307737067,-0.0016780378079064295
Adult,4000,LightGBM,ROC_AUC,0.9097692325136911,0.9068048227899699,0.0029644097237212508
Adult,4000,CatBoost,Accuracy,0.8572627699866926,0.8622991094277819,-0.005036339441089277
Adult,4000,CatBoost,Precision,0.7460773700442745,0.764358724919412,-0.01828135487513749
Adult,4000,CatBoost,Recall,0.6120615911035073,0.6142001710863987,-0.002138579982891353
Adult,4000,CatBoost,F1,0.6723403929658003,0.6809824333892321,-0.008642040423431863
Adult,4000,CatBoost,ROC_AUC,0.9097692325136911,0.9136306083259974,-0.003861375812306278
Adult,6000,XGBoost,Accuracy,0.8594943187634353,0.8549288565871634,0.004565462176271851
Adult,6000,XGBoost,Precision,0.7504216337336962,0.7260935364723352,0.02432809726136098
Adult,6000,XGBoost,Recall,0.6189050470487596,0.63267750213858,-0.01377245508982039
Adult,6000,XGBoost,F1,0.6782515236952517,0.6760787766149268,0.0021727470803248883
Adult,6000,XGBoost,ROC_AUC,0.91220555025827,0.9082063394981766,0.003999210760093352
Adult,6000,LightGBM,Accuracy,0.8594943187634353,0.8591462790459617,0.00034803971747354723
Adult,6000,LightGBM,Precision,0.7504216337336962,0.7381751718363466,0.01224646189734957
Adult,6000,LightGBM,Recall,0.6189050470487596,0.6379811804961506,-0.019076133447391008
Adult,6000,LightGBM,F1,0.6782515236952517,0.6843098599965948,-0.006058336301343115
Adult,6000,LightGBM,ROC_AUC,0.91220555025827,0.913573544991452,-0.0013679947331820541
Adult,6000,CatBoost,Accuracy,0.8594943187634353,0.8662708567918926,-0.006776538028457346
Adult,6000,CatBoost,Precision,0.7504216337336962,0.7718716788369082,-0.021450045103212023
Adult,6000,CatBoost,Recall,0.6189050470487596,0.626518391787853,-0.007613344739093364
Adult,6000,CatBoost,F1,0.6782515236952517,0.6915648968892875,-0.013313373194035805
Adult,6000,CatBoost,ROC_AUC,0.91220555025827,0.918189717801838,-0.005984167543568009
Adult,8000,XGBoost,Accuracy,0.8596581021598937,0.8573856075340363,0.0022724946258574352
Adult,8000,XGBoost,Precision,0.7514902717910612,0.733583091772992,0.017907180018069235
Adult,8000,XGBoost,Recall,0.6180496150556031,0.6348160821214713,-0.016766467065868262
Adult,8000,XGBoost,F1,0.6782471344213208,0.6805407172608903,-0.0022935828395694857
Adult,8000,XGBoost,ROC_AUC,0.9127878506784806,0.9109986037498796,0.0017892469286009405
Adult,8000,LightGBM,Accuracy,0.8596581021598937,0.8631589722591873,-0.0035008700992935626
Adult,8000,LightGBM,Precision,0.7514902717910612,0.7520235843490573,-0.0005333125579960463
Adult,8000,LightGBM,Recall,0.6180496150556031,0.6391787852865697,-0.02112917023096661
Adult,8000,LightGBM,F1,0.6782471344213208,0.6909340357756839,-0.012686901354363123
Adult,8000,LightGBM,ROC_AUC,0.9127878506784806,0.9169324940867444,-0.004144643408263815
Adult,8000,CatBoost,Accuracy,0.8596581021598937,0.8671716654724128,-0.007513563312519067
Adult,8000,CatBoost,Precision,0.7514902717910612,0.7746300002150877,-0.02313972842402645
Adult,8000,CatBoost,Recall,0.6180496150556031,0.6276304533789563,-0.009580838323353214
Adult,8000,CatBoost,F1,0.6782471344213208,0.6933891836369985,-0.015142049215677744
Adult,8000,CatBoost,ROC_AUC,0.9127878506784806,0.9204470003415512,-0.007659149663070686
Adult,12000,XGBoost,Accuracy,0.8607841130105436,0.8620329614085372,-0.0012488483979936627
Adult,12000,XGBoost,Precision,0.7544095034451577,0.7455638078576426,0.008845695587515023
Adult,12000,XGBoost,Recall,0.6202737382378101,0.6429426860564585,-0.022668947818648477
Adult,12000,XGBoost,F1,0.6807757360515477,0.6904572284821794,-0.009681492430631655
Adult,12000,XGBoost,ROC_AUC,0.9141423594934821,0.9155318695327495,-0.0013895100392673498
Adult,12000,LightGBM,Accuracy,0.8607841130105436,0.8656566690551746,-0.0048725560446309935
Adult,12000,LightGBM,Precision,0.7544095034451577,0.7573862220165056,-0.0029767185713479583
Adult,12000,LightGBM,Recall,0.6202737382378101,0.6455945252352439,-0.025320786997433786
Adult,12000,LightGBM,F1,0.6807757360515477,0.6969685796739077,-0.016192843622359954
Adult,12000,LightGBM,ROC_AUC,0.9141423594934821,0.9207374224387029,-0.006595062945220831
Adult,12000,CatBoost,Accuracy,0.8607841130105436,0.8705087521752481,-0.009724639164704563
Adult,12000,CatBoost,Precision,0.7544095034451577,0.7822893573183881,-0.027879853873230442
Adult,12000,CatBoost,Recall,0.6202737382378101,0.6359281437125748,-0.01565440547476471
Adult,12000,CatBoost,F1,0.6807757360515477,0.7015454733787514,-0.020769737327203663
Adult,12000,CatBoost,ROC_AUC,0.9141423594934821,0.9230251590941192,-0.008882799600637092
Adult,16000,XGBoost,Accuracy,0.8614392465963763,0.864346401883509,-0.002907155287132701
Adult,16000,XGBoost,Precision,0.7553719829061849,0.7480868492275358,0.007285133678649136
Adult,16000,XGBoost,Recall,0.6227544910179641,0.653207869974337,-0.0304533789563729
Adult,16000,XGBoost,F1,0.6826423806731645,0.6974012772415306,-0.014758896568366042
Adult,16000,XGBoost,ROC_AUC,0.9147751615979068,0.9188991876101305,-0.004124026012223614
Adult,16000,LightGBM,Accuracy,0.8614392465963763,0.8691370662299109,-0.007697819633534664
Adult,16000,LightGBM,Precision,0.7553719829061849,0.7666685848234369,-0.011296601917252014
Adult,16000,LightGBM,Recall,0.6227544910179641,0.6515825491873397,-0.028828058169375614
Adult,16000,LightGBM,F1,0.6826423806731645,0.704393276683421,-0.021750896010256482
Adult,16000,LightGBM,ROC_AUC,0.9147751615979068,0.92293762437637,-0.008162462778463109
Adult,16000,CatBoost,Accuracy,0.8614392465963763,0.8719623298188146,-0.010523083222438334
Adult,16000,CatBoost,Precision,0.7553719829061849,0.7835460319320849,-0.02817404902590004
Adult,16000,CatBoost,Recall,0.6227544910179641,0.6425149700598802,-0.019760479041916135
Adult,16000,CatBoost,F1,0.6826423806731645,0.7060269487040374,-0.023384568030872854
Adult,16000,CatBoost,ROC_AUC,0.9147751615979068,0.9249871846364369,-0.010212023038530083
Adult,24000,XGBoost,Accuracy,0.8621762718804382,0.8679905824547036,-0.005814310574265402
Adult,24000,XGBoost,Precision,0.7589073239850012,0.7612439455707382,-0.0023366215857369976
Adult,24000,XGBoost,Recall,0.6216424294268605,0.6533789563729684,-0.031736526946107846
Adult,24000,XGBoost,F1,0.6834320403647179,0.7031913038038706,-0.019759263439152686
Adult,24000,XGBoost,ROC_AUC,0.9162691400174449,0.9221456964955838,-0.005876556478138895
Adult,24000,LightGBM,Accuracy,0.8621762718804382,0.8727198280274336,-0.010543556146995425
Adult,24000,LightGBM,Precision,0.7589073239850012,0.7800272417364161,-0.021119917751414974
Adult,24000,LightGBM,Recall,0.6216424294268605,0.6520958083832336,-0.03045337895637301
Adult,24000,LightGBM,F1,0.6834320403647179,0.7103283236481971,-0.02689628328347915
Adult,24000,LightGBM,ROC_AUC,0.9162691400174449,0.9262718233870804,-0.010002683369635501
Adult,24000,CatBoost,Accuracy,0.8621762718804382,0.8732111782168083,-0.011034906336370054
Adult,24000,CatBoost,Precision,0.7589073239850012,0.787058630253522,-0.028151306268520804
Adult,24000,CatBoost,Recall,0.6216424294268605,0.6446535500427716,-0.02301112061591104
Adult,24000,CatBoost,F1,0.6834320403647179,0.7087608315168347,-0.025328791152116725
Adult,24000,CatBoost,ROC_AUC,0.9162691400174449,0.9268487766378541,-0.010579636620409283
Adult,32000,XGBoost,Accuracy,0.8630156617872864,0.8710615211382946,-0.008045859351008211
Adult,32000,XGBoost,Precision,0.7620349710148604,0.7695934502513139,-0.007558479236453475
Adult,32000,XGBoost,Recall,0.6218135158254918,0.658426005132592,-0.03661248930710015
Adult,32000,XGBoost,F1,0.6848152169036117,0.7096500155834139,-0.024834798679802206
Adult,32000,XGBoost,ROC_AUC,0.917265900749398,0.9253783971361734,-0.00811249638677547
Adult,32000,LightGBM,Accuracy,0.8630156617872864,0.8741529327464429,-0.011137270959156509
Adult,32000,LightGBM,Precision,0.7620349710148604,0.7841225333871258,-0.02208756237226539
Adult,32000,LightGBM,Recall,0.6218135158254918,0.6543199315654405,-0.032506415739948724
Adult,32000,LightGBM,F1,0.6848152169036117,0.7133562029884775,-0.02854098608486577
Adult,32000,LightGBM,ROC_AUC,0.917265900749398,0.9278697176268604,-0.01060381687746248
Adult,32000,CatBoost,Accuracy,0.8630156617872864,0.8749718497287338,-0.011956187941447372
Adult,32000,CatBoost,Precision,0.7620349710148604,0.7921668212399141,-0.030131850225053713
Adult,32000,CatBoost,Recall,0.6218135158254918,0.6474764756201882,-0.02566295979469635
Adult,32000,CatBoost,F1,0.6848152169036117,0.7125475606508695,-0.02773234374725786
Adult,32000,CatBoost,ROC_AUC,0.917265900749398,0.9283971822201378,-0.011131281470739829
Bank Marketing,10,XGBoost,Accuracy,0.8664381289395113,0.8830034280659074,-0.016565299126396038
Bank Marketing,10,XGBoost,Precision,0.31451080667782894,0.0,0.31451080667782894
Bank Marketing,10,XGBoost,Recall,0.03270321361058598,0.0,0.03270321361058598
Bank Marketing,10,XGBoost,F1,0.04835881572552172,0.0,0.04835881572552172
Bank Marketing,10,XGBoost,ROC_AUC,0.6162906820799396,0.5,0.11629068207993964
Bank Marketing,10,LightGBM,Accuracy,0.8664381289395113,0.8830034280659074,-0.016565299126396038
Bank Marketing,10,LightGBM,Precision,0.31451080667782894,0.0,0.31451080667782894
Bank Marketing,10,LightGBM,Recall,0.03270321361058598,0.0,0.03270321361058598
Bank Marketing,10,LightGBM,F1,0.04835881572552172,0.0,0.04835881572552172
Bank Marketing,10,LightGBM,ROC_AUC,0.6162906820799396,0.5,0.11629068207993964
Bank Marketing,10,CatBoost,Accuracy,0.8664381289395113,0.8824947473183677,-0.016056618378856413
Bank Marketing,10,CatBoost,Precision,0.31451080667782894,0.2941106719367589,0.020400134741070053
Bank Marketing,10,CatBoost,Recall,0.03270321361058598,0.0037807183364838596,0.02892249527410212
Bank Marketing,10,CatBoost,F1,0.04835881572552172,0.00743311172524958,0.04092570400027214
Bank Marketing,10,CatBoost,ROC_AUC,0.6162906820799396,0.6217244171195282,-0.00543373503958855
Bank Marketing,20,XGBoost,Accuracy,0.8826274466438129,0.8830034280659074,-0.0003759814220944957
Bank Marketing,20,XGBoost,Precision,0.06666666666666667,0.0,0.06666666666666667
Bank Marketing,20,XGBoost,Recall,0.00321361058601134,0.0,0.00321361058601134
Bank Marketing,20,XGBoost,F1,0.00613165013525698,0.0,0.00613165013525698
Bank Marketing,20,XGBoost,ROC_AUC,0.7092472653711531,0.5,0.20924726537115312
Bank Marketing,20,LightGBM,Accuracy,0.8826274466438129,0.8830034280659074,-0.0003759814220944957
Bank Marketing,20,LightGBM,Precision,0.06666666666666667,0.0,0.06666666666666667
Bank Marketing,20,LightGBM,Recall,0.00321361058601134,0.0,0.00321361058601134
Bank Marketing,20,LightGBM,F1,0.00613165013525698,0.0,0.00613165013525698
Bank Marketing,20,LightGBM,ROC_AUC,0.7092472653711531,0.5,0.20924726537115312
Bank Marketing,20,CatBoost,Accuracy,0.8826274466438129,0.8831140108371116,-0.000486564193298733
Bank Marketing,20,CatBoost,Precision,0.06666666666666667,0.4286363636363636,-0.36196969696969694
Bank Marketing,20,CatBoost,Recall,0.00321361058601134,0.0090737240075614,-0.005860113421550059
Bank Marketing,20,CatBoost,F1,0.00613165013525698,0.01760796749832372,-0.011476317363066741
Bank Marketing,20,CatBoost,ROC_AUC,0.7092472653711531,0.6833568257117255,0.02589043965942761
Bank Marketing,35,XGBoost,Accuracy,0.8832688267167976,0.861351321464116,0.021917505252681657
Bank Marketing,35,XGBoost,Precision,0.35491270233971867,0.2957821988828197,0.059130503456898964
Bank Marketing,35,XGBoost,Recall,0.02117202268430998,0.09886578449905478,-0.0776937618147448
Bank Marketing,35,XGBoost,F1,0.03882577130840414,0.13949151465335285,-0.10066574334494871
Bank Marketing,35,XGBoost,ROC_AUC,0.7583264935553785,0.6525892830721117,0.10573721048326679
Bank Marketing,35,LightGBM,Accuracy,0.8832688267167976,0.8830034280659074,0.0002653986508902584
Bank Marketing,35,LightGBM,Precision,0.35491270233971867,0.0,0.35491270233971867
Bank Marketing,35,LightGBM,Recall,0.02117202268430998,0.0,0.02117202268430998
Bank Marketing,35,LightGBM,F1,0.03882577130840414,0.0,0.03882577130840414
Bank Marketing,35,LightGBM,ROC_AUC,0.7583264935553785,0.5,0.2583264935553785
Bank Marketing,35,CatBoost,Accuracy,0.8832688267167976,0.8852814331527148,-0.0020126064359171636
Bank Marketing,35,CatBoost,Precision,0.35491270233971867,0.6293480790519801,-0.2744353767122614
Bank Marketing,35,CatBoost,Recall,0.02117202268430998,0.03742911153119088,-0.016257088846880898
Bank Marketing,35,CatBoost,F1,0.03882577130840414,0.06743729937486376,-0.02861152806645962
Bank Marketing,35,CatBoost,ROC_AUC,0.7583264935553785,0.7199164075363423,0.03841008601903617
Bank Marketing,50,XGBoost,Accuracy,0.8843525378745991,0.8648457370341701,0.019506800840428995
Bank Marketing,50,XGBoost,Precision,0.41201370301050205,0.31459942045819334,0.09741428255230872
Bank Marketing,50,XGBoost,Recall,0.10756143667296784,0.13950850661625705,-0.031947069943289205
Bank Marketing,50,XGBoost,F1,0.16480818169306571,0.18956371963818086,-0.024755537945115147
Bank Marketing,50,XGBoost,ROC_AUC,0.7790470790577324,0.7011103759056738,0.07793670315205858
Bank Marketing,50,LightGBM,Accuracy,0.8843525378745991,0.873073095211766,0.011279442662833095
Bank Marketing,50,LightGBM,Precision,0.41201370301050205,0.31452195233664926,0.0974917506738528
Bank Marketing,50,LightGBM,Recall,0.10756143667296784,0.07939508506616254,0.028166351606805307
Bank Marketing,50,LightGBM,F1,0.16480818169306571,0.12391870271654759,0.04088947897651812
Bank Marketing,50,LightGBM,ROC_AUC,0.7790470790577324,0.7441548011216683,0.03489227793606409
Bank Marketing,50,CatBoost,Accuracy,0.8843525378745991,0.8876700210107265,-0.0033174831361273416
Bank Marketing,50,CatBoost,Precision,0.41201370301050205,0.6242045061697393,-0.21219080315923727
Bank Marketing,50,CatBoost,Recall,0.10756143667296784,0.0809073724007561,0.026654064272211744
Bank Marketing,50,CatBoost,F1,0.16480818169306571,0.13640802487910486,0.028400156813960853
Bank Marketing,50,CatBoost,ROC_AUC,0.7790470790577324,0.7636467241862992,0.015400354871433208
Bank Marketing,75,XGBoost,Accuracy,0.8855247152493642,0.8736923587305098,0.011832356518854392
Bank Marketing,75,XGBoost,Precision,0.5297395548977838,0.4097357700449571,0.1200037848528267
Bank Marketing,75,XGBoost,Recall,0.15897920604914928,0.16313799621928163,-0.004158790170132348
Bank Marketing,75,XGBoost,F1,0.22966581216816903,0.23157045962843217,-0.0019046474602631425
Bank Marketing,75,XGBoost,ROC_AUC,0.801363272108739,0.7419087774454228,0.059454494663316204
Bank Marketing,75,LightGBM,Accuracy,0.8855247152493642,0.8554904345902908,0.03003428065907332
Bank Marketing,75,LightGBM,Precision,0.5297395548977838,0.2742282010248748,0.255511353872909
Bank Marketing,75,LightGBM,Recall,0.15897920604914928,0.1482041587901701,0.010775047258979181
Bank Marketing,75,LightGBM,F1,0.22966581216816903,0.1899248085204342,0.039741003647734835
Bank Marketing,75,LightGBM,ROC_AUC,0.801363272108739,0.712772222965319,0.08859104914342009
Bank Marketing,75,CatBoost,Accuracy,0.8855247152493642,0.8865199601902024,-0.0009952449408382469
Bank Marketing,75,CatBoost,Precision,0.5297395548977838,0.591336379901121,-0.061596825003337186
Bank Marketing,75,CatBoost,Recall,0.15897920604914928,0.0869565217391304,0.07202268431001888
Bank Marketing,75,CatBoost,F1,0.22966581216816903,0.14516134305846515,0.08450446910970388
Bank Marketing,75,CatBoost,ROC_AUC,0.801363272108739,0.7789830175435274,0.022380254565211644
Bank Marketing,100,XGBoost,Accuracy,0.8890191308194183,0.8744664381289395,0.014552692690478763
Bank Marketing,100,XGBoost,Precision,0.6087086999657357,0.4328616121819603,0.17584708778377545
Bank Marketing,100,XGBoost,Recall,0.1918714555765595,0.2374291115311909,-0.045557655954631404
Bank Marketing,100,XGBoost,F1,0.27154756035026406,0.30471196833018316,-0.0331644079799191
Bank Marketing,100,XGBoost,ROC_AUC,0.8476686319931156,0.7665747804543728,0.08109385153874282
Bank Marketing,100,LightGBM,Accuracy,0.8890191308194183,0.8640937741899812,0.024925356629437068
Bank Marketing,100,LightGBM,Precision,0.6087086999657357,0.3663158962959385,0.2423928036697972
Bank Marketing,100,LightGBM,Recall,0.1918714555765595,0.22060491493383738,-0.02873345935727789
Bank Marketing,100,LightGBM,F1,0.27154756035026406,0.27487417702935885,-0.003326616679094785
Bank Marketing,100,LightGBM,ROC_AUC,0.8476686319931156,0.7599318665787578,0.08773676541435782
Bank Marketing,100,CatBoost,Accuracy,0.8890191308194183,0.8885325666261197,0.000486564193298622
Bank Marketing,100,CatBoost,Precision,0.6087086999657357,0.6169135996766089,-0.008204899710873126
Bank Marketing,100,CatBoost,Recall,0.1918714555765595,0.1145557655954631,0.07731568998109639
Bank Marketing,100,CatBoost,F1,0.27154756035026406,0.18166546374738438,0.08988209660287969
Bank Marketing,100,CatBoost,ROC_AUC,0.8476686319931156,0.8279190779497949,0.019749554043320683
Bank Marketing,150,XGBoost,Accuracy,0.8888200818312507,0.8734711931881012,0.015348888643149539
Bank Marketing,150,XGBoost,Precision,0.6092807425706492,0.44053945232142705,0.1687412902492222
Bank Marketing,150,XGBoost,Recall,0.198109640831758,0.2705103969754253,-0.07240075614366728
Bank Marketing,150,XGBoost,F1,0.2733092337674081,0.3316378371710572,-0.05832860340364909
Bank Marketing,150,XGBoost,ROC_AUC,0.8634733840506715,0.8014596958143401,0.062013688236331466
Bank Marketing,150,LightGBM,Accuracy,0.8888200818312507,0.87265288068119,0.01616720115006076
Bank Marketing,150,LightGBM,Precision,0.6092807425706492,0.43255490794448315,0.1767258346261661
Bank Marketing,150,LightGBM,Recall,0.198109640831758,0.2765595463137996,-0.07844990548204159
Bank Marketing,150,LightGBM,F1,0.2733092337674081,0.3337562737461038,-0.06044703997869566
Bank Marketing,150,LightGBM,ROC_AUC,0.8634733840506715,0.7984130097429845,0.06506037430768707
Bank Marketing,150,CatBoost,Accuracy,0.8888200818312507,0.8880238858785802,0.0007961959526705531
Bank Marketing,150,CatBoost,Precision,0.6092807425706492,0.5620549064620792,0.04722583610857001
Bank Marketing,150,CatBoost,Recall,0.198109640831758,0.1357277882797731,0.06238185255198489
Bank Marketing,150,CatBoost,F1,0.2733092337674081,0.21257053235692722,0.060738701410480905
Bank Marketing,150,CatBoost,ROC_AUC,0.8634733840506715,0.8483109990021459,0.015162385048525628
Bank Marketing,250,XGBoost,Accuracy,0.8906999889417229,0.8791993807364813,0.01150060820524157
Bank Marketing,250,XGBoost,Precision,0.582575337735734,0.4683682217480789,0.1142071159876551
Bank Marketing,250,XGBoost,Recall,0.22192816635160675,0.2525519848771266,-0.030623818525519847
Bank Marketing,250,XGBoost,F1,0.3040178741327211,0.3275498187516005,-0.02353194461887942
Bank Marketing,250,XGBoost,ROC_AUC,0.8712069179806656,0.8155755889173107,0.055631329063354884
Bank Marketing,250,LightGBM,Accuracy,0.8906999889417229,0.8795974787128165,0.011102510228906404
Bank Marketing,250,LightGBM,Precision,0.582575337735734,0.46970764659632447,0.11286769113940953
Bank Marketing,250,LightGBM,Recall,0.22192816635160675,0.23345935727788278,-0.011531190926276025
Bank Marketing,250,LightGBM,F1,0.3040178741327211,0.3113705829453905,-0.007352708812669417
Bank Marketing,250,LightGBM,ROC_AUC,0.8712069179806656,0.8171673612977074,0.054039556682958234
Bank Marketing,250,CatBoost,Accuracy,0.8906999889417229,0.8897047440008846,0.0009952449408382469
Bank Marketing,250,CatBoost,Precision,0.582575337735734,0.5835949527832491,-0.0010196150475151322
Bank Marketing,250,CatBoost,Recall,0.22192816635160675,0.19054820415879012,0.031379962192816635
Bank Marketing,250,CatBoost,F1,0.3040178741327211,0.27358388941356815,0.03043398471915293
Bank Marketing,250,CatBoost,ROC_AUC,0.8712069179806656,0.8681287338144654,0.003078184166200204
Bank Marketing,500,XGBoost,Accuracy,0.8970253234546058,0.8839544398982639,0.013070883556341895
Bank Marketing,500,XGBoost,Precision,0.6425540568420743,0.5081021001105313,0.1344519567315431
Bank Marketing,500,XGBoost,Recall,0.2695652173913043,0.28412098298676747,-0.014555765595463177
Bank Marketing,500,XGBoost,F1,0.37734601799878054,0.364230931451213,0.013115086547567545
Bank Marketing,500,XGBoost,ROC_AUC,0.8943082551996714,0.8425213508788335,0.05178690432083788
Bank Marketing,500,LightGBM,Accuracy,0.8970253234546058,0.8821629990047551,0.014862324449850695
Bank Marketing,500,LightGBM,Precision,0.6425540568420743,0.4928181123106469,0.1497359445314274
Bank Marketing,500,LightGBM,Recall,0.2695652173913043,0.24102079395085063,0.02854442344045366
Bank Marketing,500,LightGBM,F1,0.37734601799878054,0.323690522011489,0.053655495987291524
Bank Marketing,500,LightGBM,ROC_AUC,0.8943082551996714,0.8439044380235625,0.05040381717610887
Bank Marketing,500,CatBoost,Accuracy,0.8970253234546058,0.8942165210660178,0.0028088023885880498
Bank Marketing,500,CatBoost,Precision,0.6425540568420743,0.6159020838241508,0.026651973017923547
Bank Marketing,500,CatBoost,Recall,0.2695652173913043,0.25160680529300566,0.017958412098298626
Bank Marketing,500,CatBoost,F1,0.37734601799878054,0.35644438989510896,0.020901628103671577
Bank Marketing,500,CatBoost,ROC_AUC,0.8943082551996714,0.8879863117636685,0.006321943436002897
Bank Marketing,750,XGBoost,Accuracy,0.9000110582771204,0.8874930885767996,0.012517969700320708
Bank Marketing,750,XGBoost,Precision,0.6403158088221774,0.5315908175273872,0.10872499129479019
Bank Marketing,750,XGBoost,Recall,0.3319470699432892,0.32117202268431,0.010775047258979209
Bank Marketing,750,XGBoost,F1,0.43706339134067757,0.39992260830128756,0.03714078303939
Bank Marketing,750,XGBoost,ROC_AUC,0.9078188190759375,0.8595578903260248,0.048260928749912724
Bank Marketing,750,LightGBM,Accuracy,0.9000110582771204,0.8889970142651775,0.011014044011942836
Bank Marketing,750,LightGBM,Precision,0.6403158088221774,0.5470869494780531,0.09322885934412428
Bank Marketing,750,LightGBM,Recall,0.3319470699432892,0.29981096408317576,0.03213610586011345
Bank Marketing,750,LightGBM,F1,0.43706339134067757,0.3870060682016064,0.050057323139071186
Bank Marketing,750,LightGBM,ROC_AUC,0.9078188190759375,0.8628759263884433,0.044942892687494185
Bank Marketing,750,CatBoost,Accuracy,0.9000110582771204,0.8965166427070663,0.0034944155700540325
Bank Marketing,750,CatBoost,Precision,0.6403158088221774,0.6200667405452005,0.020249068276976923
Bank Marketing,750,CatBoost,Recall,0.3319470699432892,0.2977315689981096,0.03421550094517961
Bank Marketing,750,CatBoost,F1,0.43706339134067757,0.40118543103908727,0.035877960301590295
Bank Marketing,750,CatBoost,ROC_AUC,0.9078188190759375,0.8957545871098102,0.012064231966127381
Bank Marketing,1000,XGBoost,Accuracy,0.9000774079398429,0.8878248368904125,0.01225257104943045
Bank Marketing,1000,XGBoost,Precision,0.643557428421871,0.5340725154443418,0.10948491297752927
Bank Marketing,1000,XGBoost,Recall,0.32835538752362947,0.3253308128544423,0.0030245746691871522
Bank Marketing,1000,XGBoost,F1,0.4345055421831473,0.4041243457392675,0.03038119644387982
Bank Marketing,1000,XGBoost,ROC_AUC,0.9165380030847062,0.8628621955391311,0.053675807545575105
Bank Marketing,1000,LightGBM,Accuracy,0.9000774079398429,0.8912971359062258,0.008780272033617087
Bank Marketing,1000,LightGBM,Precision,0.643557428421871,0.5638874000249223,0.0796700283969487
Bank Marketing,1000,LightGBM,Recall,0.32835538752362947,0.31531190926275987,0.013043478260869601
Bank Marketing,1000,LightGBM,F1,0.4345055421831473,0.4038344977301966,0.030671044452950713
Bank Marketing,1000,LightGBM,ROC_AUC,0.9165380030847062,0.8715337713789915,0.04500423170571477
Bank Marketing,1000,CatBoost,Accuracy,0.9000774079398429,0.896981090346124,0.003096317593718867
Bank Marketing,1000,CatBoost,Precision,0.643557428421871,0.6292297485277782,0.014327679894092782
Bank Marketing,1000,CatBoost,Recall,0.32835538752362947,0.2920604914933837,0.03629489603024577
Bank Marketing,1000,CatBoost,F1,0.4345055421831473,0.39872724543698573,0.035778296746161564
Bank Marketing,1000,CatBoost,ROC_AUC,0.9165380030847062,0.899783975862114,0.016754027222592227
Bank Marketing,1500,XGBoost,Accuracy,0.9018688488333518,0.8916067676655978,0.010262081167754067
Bank Marketing,1500,XGBoost,Precision,0.6513122880622534,0.5604864083333779,0.09082587972887546
Bank Marketing,1500,XGBoost,Recall,0.3478260869565217,0.34650283553875233,0.0013232514177693444
Bank Marketing,1500,XGBoost,F1,0.4526207491979461,0.4276434965871546,0.02497725261079148
Bank Marketing,1500,XGBoost,ROC_AUC,0.9210564231374281,0.8772373057706263,0.043819117366801774
Bank Marketing,1500,LightGBM,Accuracy,0.9018688488333518,0.8925577794979542,0.009311069335397604
Bank Marketing,1500,LightGBM,Precision,0.6513122880622534,0.5735631674519667,0.07774912061028671
Bank Marketing,1500,LightGBM,Recall,0.3478260869565217,0.32249527410207934,0.02533081285444233
Bank Marketing,1500,LightGBM,F1,0.4526207491979461,0.41187159260272066,0.04074915659522543
Bank Marketing,1500,LightGBM,ROC_AUC,0.9210564231374281,0.8843870537030089,0.03666936943441923
Bank Marketing,1500,CatBoost,Accuracy,0.9018688488333518,0.8985292491429835,0.0033395996903683445
Bank Marketing,1500,CatBoost,Precision,0.6513122880622534,0.6338132938135121,0.01749899424874124
Bank Marketing,1500,CatBoost,Recall,0.3478260869565217,0.31474480151228723,0.03308128544423444
Bank Marketing,1500,CatBoost,F1,0.4526207491979461,0.420050730650528,0.03257001854741809
Bank Marketing,1500,CatBoost,ROC_AUC,0.9210564231374281,0.9065146251300582,0.014541798007369877
Bank Marketing,2000,XGBoost,Accuracy,0.9035939400641381,0.8935751409930333,0.010018799071104811
Bank Marketing,2000,XGBoost,Precision,0.6507269277548948,0.5695206816030541,0.08120624615184069
Bank Marketing,2000,XGBoost,Recall,0.38071833648393194,0.3708884688090737,0.009829867674858217
Bank Marketing,2000,XGBoost,F1,0.4799433060924844,0.4490230244695854,0.030920281622899004
Bank Marketing,2000,XGBoost,ROC_AUC,0.9256269612328408,0.8875152134259296,0.03811174780691118
Bank Marketing,2000,LightGBM,Accuracy,0.9035939400641381,0.8954992812119873,0.008094658852150771
Bank Marketing,2000,LightGBM,Precision,0.6507269277548948,0.5907188368049441,0.06000809094995074
Bank Marketing,2000,LightGBM,Recall,0.38071833648393194,0.3493383742911153,0.031379962192816635
Bank Marketing,2000,LightGBM,F1,0.4799433060924844,0.4388790971742395,0.041064208918244915
Bank Marketing,2000,LightGBM,ROC_AUC,0.9256269612328408,0.8917750555448366,0.033851905688004225
Bank Marketing,2000,CatBoost,Accuracy,0.9035939400641381,0.901116885989163,0.0024770540749751158
Bank Marketing,2000,CatBoost,Precision,0.6507269277548948,0.646565661138722,0.004161266616172776
Bank Marketing,2000,CatBoost,Recall,0.38071833648393194,0.34177693761814737,0.03894139886578457
Bank Marketing,2000,CatBoost,F1,0.4799433060924844,0.447143007112068,0.03280029898041642
Bank Marketing,2000,CatBoost,ROC_AUC,0.9256269612328408,0.9108803249949988,0.014746636237842004
Bank Marketing,3000,XGBoost,Accuracy,0.907110472188433,0.8946809687050757,0.012429503483357252
Bank Marketing,3000,XGBoost,Precision,0.650725985593503,0.5708428496286998,0.07988313596480323
Bank Marketing,3000,XGBoost,Recall,0.4459357277882797,0.4026465028355387,0.04328922495274101
Bank Marketing,3000,XGBoost,F1,0.5286256351180214,0.4720922638040926,0.056533371313928826
Bank Marketing,3000,XGBoost,ROC_AUC,0.9302174327336346,0.8953159338220411,0.03490149891159344
Bank Marketing,3000,LightGBM,Accuracy,0.907110472188433,0.8970032069003648,0.010107265288068157
Bank Marketing,3000,LightGBM,Precision,0.650725985593503,0.5908678358454982,0.05985814974800485
Bank Marketing,3000,LightGBM,Recall,0.4459357277882797,0.3886578449905482,0.05727788279773155
Bank Marketing,3000,LightGBM,F1,0.5286256351180214,0.4687775347540707,0.05984810036395072
Bank Marketing,3000,LightGBM,ROC_AUC,0.9302174327336346,0.9009128647404809,0.02930456799315362
Bank Marketing,3000,CatBoost,Accuracy,0.907110472188433,0.9029083268826718,0.00420214530576124
Bank Marketing,3000,CatBoost,Precision,0.650725985593503,0.643024834761804,0.007701150831698977
Bank Marketing,3000,CatBoost,Recall,0.4459357277882797,0.3831758034026465,0.06275992438563321
Bank Marketing,3000,CatBoost,F1,0.5286256351180214,0.4800784321035734,0.04854720301444798
Bank Marketing,3000,CatBoost,ROC_AUC,0.9302174327336346,0.9167632600350609,0.01345417269857363
Bank Marketing,4000,XGBoost,Accuracy,0.9074864536105276,0.8951232997898927,0.012363153820634909
Bank Marketing,4000,XGBoost,Precision,0.6419077042951293,0.571719097023517,0.07018860727161236
Bank Marketing,4000,XGBoost,Recall,0.4744801512287335,0.4136105860113421,0.0608695652173914
Bank Marketing,4000,XGBoost,F1,0.5453167786966251,0.479869420736878,0.0654473579597471
Bank Marketing,4000,XGBoost,ROC_AUC,0.9319510234809361,0.9002452140296135,0.03170580945132251
Bank Marketing,4000,LightGBM,Accuracy,0.9074864536105276,0.8977772862987946,0.009709167311732991
Bank Marketing,4000,LightGBM,Precision,0.6419077042951293,0.5940585072785168,0.0478491970166125
Bank Marketing,4000,LightGBM,Recall,0.4744801512287335,0.3988657844990548,0.0756143667296787
Bank Marketing,4000,LightGBM,F1,0.5453167786966251,0.47686799953640124,0.06844877916022385
Bank Marketing,4000,LightGBM,ROC_AUC,0.9319510234809361,0.9068805285903508,0.025070494890585215
Bank Marketing,4000,CatBoost,Accuracy,0.9074864536105276,0.9031073758708393,0.004379077739688264
Bank Marketing,4000,CatBoost,Precision,0.6419077042951293,0.6372215892241663,0.0046861150709630595
Bank Marketing,4000,CatBoost,Recall,0.4744801512287335,0.40113421550094513,0.07334593572778836
Bank Marketing,4000,CatBoost,F1,0.5453167786966251,0.4918635221468235,0.0534532565498016
Bank Marketing,4000,CatBoost,ROC_AUC,0.9319510234809361,0.9187553221837259,0.01319570129721015
Bank Marketing,6000,XGBoost,Accuracy,0.9092557779497954,0.8977772862987946,0.011478491651000788
Bank Marketing,6000,XGBoost,Precision,0.6417822657304063,0.5851085563339471,0.056673709396459215
Bank Marketing,6000,XGBoost,Recall,0.5083175803402646,0.43478260869565216,0.07353497164461248
Bank Marketing,6000,XGBoost,F1,0.5671205158461313,0.49874782744345547,0.06837268840267585
Bank Marketing,6000,XGBoost,ROC_AUC,0.93476774150019,0.9070294136098758,0.027738327890314274
Bank Marketing,6000,LightGBM,Accuracy,0.9092557779497954,0.899635076855026,0.009620701094769424
Bank Marketing,6000,LightGBM,Precision,0.6417822657304063,0.6002993861105802,0.04148287961982611
Bank Marketing,6000,LightGBM,Recall,0.5083175803402646,0.42608695652173906,0.08223062381852558
Bank Marketing,6000,LightGBM,F1,0.5671205158461313,0.4983262609547473,0.06879425489138402
Bank Marketing,6000,LightGBM,ROC_AUC,0.93476774150019,0.9130650925115973,0.021702648988592754
Bank Marketing,6000,CatBoost,Accuracy,0.9092557779497954,0.9055401968373328,0.003715581112462618
Bank Marketing,6000,CatBoost,Precision,0.6417822657304063,0.6408979451298881,0.0008843206005182402
Bank Marketing,6000,CatBoost,Recall,0.5083175803402646,0.4383742911153119,0.06994328922495274
Bank Marketing,6000,CatBoost,F1,0.5671205158461313,0.5205477669967342,0.046572748849397105
Bank Marketing,6000,CatBoost,ROC_AUC,0.93476774150019,0.922907033864299,0.011860707635891088
Bank Marketing,8000,XGBoost,Accuracy,0.9100077407939843,0.8984628994802609,0.011544841313723353
Bank Marketing,8000,XGBoost,Precision,0.6421928003857267,0.586502781882383,0.05569001850334365
Bank Marketing,8000,XGBoost,Recall,0.5213610586011341,0.4493383742911153,0.07202268431001885
Bank Marketing,8000,XGBoost,F1,0.5754319579808003,0.50875413873349,0.06667781924731031
Bank Marketing,8000,XGBoost,ROC_AUC,0.9360462966360602,0.9109335793838399,0.025112717252220307
Bank Marketing,8000,LightGBM,Accuracy,0.9100077407939843,0.9018024991706293,0.008205241623355009
Bank Marketing,8000,LightGBM,Precision,0.6421928003857267,0.6111809583358061,0.03101184204992058
Bank Marketing,8000,LightGBM,Recall,0.5213610586011341,0.4417769376181474,0.07958412098298673
Bank Marketing,8000,LightGBM,F1,0.5754319579808003,0.5128283922238871,0.06260356575691317
Bank Marketing,8000,LightGBM,ROC_AUC,0.9360462966360602,0.9172408805262229,0.018805416109837325
Bank Marketing,8000,CatBoost,Accuracy,0.9100077407939843,0.9060931106933541,0.003914630100630201
Bank Marketing,8000,CatBoost,Precision,0.6421928003857267,0.6405535719601536,0.0016392284255730694
Bank Marketing,8000,CatBoost,Recall,0.5213610586011341,0.4495274102079395,0.07183364839319462
Bank Marketing,8000,CatBoost,F1,0.5754319579808003,0.5282733148107761,0.04715864317002416
Bank Marketing,8000,CatBoost,ROC_AUC,0.9360462966360602,0.9250716312367352,0.010974665399325012
Bank Marketing,12000,XGBoost,Accuracy,0.9109366360721,0.9013159349773305,0.009620701094769424
Bank Marketing,12000,XGBoost,Precision,0.6463745734006033,0.6023571266811423,0.04401744671946106
Bank Marketing,12000,XGBoost,Recall,0.5274102079395085,0.4616257088846881,0.06578449905482042
Bank Marketing,12000,XGBoost,F1,0.5807659575730189,0.5225023909070056,0.05826356666601329
Bank Marketing,12000,XGBoost,ROC_AUC,0.9374090360825413,0.9147113858333146,0.022697650249226764
Bank Marketing,12000,LightGBM,Accuracy,0.9109366360721,0.9046997677761806,0.006236868295919407
Bank Marketing,12000,LightGBM,Precision,0.6463745734006033,0.6294338611613481,0.016940712239255196
Bank Marketing,12000,LightGBM,Recall,0.5274102079395085,0.4517958412098298,0.07561436672967875
Bank Marketing,12000,LightGBM,F1,0.5807659575730189,0.5258626471406803,0.05490331043233854
Bank Marketing,12000,LightGBM,ROC_AUC,0.9374090360825413,0.9233612172161176,0.0140478188664237
Bank Marketing,12000,CatBoost,Accuracy,0.9109366360721,0.9071768218511556,0.003759814220944402
Bank Marketing,12000,CatBoost,Precision,0.6463745734006033,0.6489137704528274,-0.0025391970522240515
Bank Marketing,12000,CatBoost,Recall,0.5274102079395085,0.45009451795841204,0.0773156899810965
Bank Marketing,12000,CatBoost,F1,0.5807659575730189,0.53145137444341,0.0493145831296089
Bank Marketing,12000,CatBoost,ROC_AUC,0.9374090360825413,0.9278476065117369,0.009561429570804414
Bank Marketing,16000,XGBoost,Accuracy,0.911511666482362,0.9021121309300011,0.00939953555236095
Bank Marketing,16000,XGBoost,Precision,0.6458652060868326,0.6054260165243084,0.040439189562524236
Bank Marketing,16000,XGBoost,Recall,0.5395085066162572,0.4689981096408317,0.07051039697542544
Bank Marketing,16000,XGBoost,F1,0.587871375732578,0.528509865710572,0.05936151002200596
Bank Marketing,16000,XGBoost,ROC_AUC,0.9388495797294784,0.9180493197902967,0.020800259939181664
Bank Marketing,16000,LightGBM,Accuracy,0.911511666482362,0.9050757491982748,0.006435917284087211
Bank Marketing,16000,LightGBM,Precision,0.6458652060868326,0.6290225160114606,0.01684269007537198
Bank Marketing,16000,LightGBM,Recall,0.5395085066162572,0.4601134215500945,0.07939508506616266
Bank Marketing,16000,LightGBM,F1,0.587871375732578,0.5314521992324699,0.05641917650010808
Bank Marketing,16000,LightGBM,ROC_AUC,0.9388495797294784,0.9279859329816184,0.01086364674786
Bank Marketing,16000,CatBoost,Accuracy,0.911511666482362,0.9080836005750303,0.00342806590733169
Bank Marketing,16000,CatBoost,Precision,0.6458652060868326,0.6494449516883329,-0.003579745601500317
Bank Marketing,16000,CatBoost,Recall,0.5395085066162572,0.46597353497164457,0.07353497164461259
Bank Marketing,16000,CatBoost,F1,0.587871375732578,0.5425304555132839,0.045340920219294034
Bank Marketing,16000,CatBoost,ROC_AUC,0.9388495797294784,0.9297629652952784,0.009086614434200002
Bank Marketing,24000,XGBoost,Accuracy,0.9130819418334625,0.9031294924250801,0.009952449408382358
Bank Marketing,24000,XGBoost,Precision,0.6516181744429528,0.6114104566170259,0.040207717825926914
Bank Marketing,24000,XGBoost,Recall,0.5525519848771266,0.4720226843100189,0.08052930056710772
Bank Marketing,24000,XGBoost,F1,0.5979880004741199,0.532725043124594,0.06526295734952592
Bank Marketing,24000,XGBoost,ROC_AUC,0.9408758861428506,0.9233989888886655,0.01747689725418511
Bank Marketing,24000,LightGBM,Accuracy,0.9130819418334625,0.906535441778171,0.006546500055291449
Bank Marketing,24000,LightGBM,Precision,0.6516181744429528,0.6345106767745406,0.01710749766841213
Bank Marketing,24000,LightGBM,Recall,0.5525519848771266,0.47485822306238185,0.0776937618147448
Bank Marketing,24000,LightGBM,F1,0.5979880004741199,0.5430842998240578,0.054903700650062115
Bank Marketing,24000,LightGBM,ROC_AUC,0.9408758861428506,0.9315516688308536,0.009324217311996952
Bank Marketing,24000,CatBoost,Accuracy,0.9130819418334625,0.9095654097091673,0.0035165321242951464
Bank Marketing,24000,CatBoost,Precision,0.6516181744429528,0.654688792950723,-0.0030706185077702397
Bank Marketing,24000,CatBoost,Recall,0.5525519848771266,0.48052930056710774,0.0720226843100189
Bank Marketing,24000,CatBoost,F1,0.5979880004741199,0.5542283510054479,0.04375964946867206
Bank Marketing,24000,CatBoost,ROC_AUC,0.9408758861428506,0.9327253486866324,0.008150537456218188
Bank Marketing,32000,XGBoost,Accuracy,0.9147627999557668,0.9049872829813115,0.009775516974455334
Bank Marketing,32000,XGBoost,Precision,0.6601461958337979,0.6209797897133269,0.039166406120470953
Bank Marketing,32000,XGBoost,Recall,0.5595463137996219,0.4820415879017014,0.07750472589792057
Bank Marketing,32000,XGBoost,F1,0.6056838490164039,0.5427149607243855,0.06296888829201841
Bank Marketing,32000,XGBoost,ROC_AUC,0.9417420541587308,0.9255271639996071,0.016214890159123696
Bank Marketing,32000,LightGBM,Accuracy,0.9147627999557668,0.9081057171292712,0.006657082826495575
Bank Marketing,32000,LightGBM,Precision,0.6601461958337979,0.6442895539883284,0.01585664184546942
Bank Marketing,32000,LightGBM,Recall,0.5595463137996219,0.47882797731568993,0.08071833648393201
Bank Marketing,32000,LightGBM,F1,0.6056838490164039,0.5493157083909754,0.0563681406254285
Bank Marketing,32000,LightGBM,ROC_AUC,0.9417420541587308,0.9333920050946185,0.008350049064112297
Bank Marketing,32000,CatBoost,Accuracy,0.9147627999557668,0.910206789782152,0.004556010173614844
Bank Marketing,32000,CatBoost,Precision,0.6601461958337979,0.655824849097805,0.004321346735992826
Bank Marketing,32000,CatBoost,Recall,0.5595463137996219,0.48922495274102074,0.0703213610586012
Bank Marketing,32000,CatBoost,F1,0.6056838490164039,0.5603913695418343,0.0452924794745696
Bank Marketing,32000,CatBoost,ROC_AUC,0.9417420541587308,0.9335128839163224,0.008229170242408435
Credit-G,10,XGBoost,Accuracy,0.6849999999999999,0.7,-0.015000000000000013
Credit-G,10,XGBoost,Precision,0.7123512287798002,0.7,0.012351228779800216
Credit-G,10,XGBoost,Recall,0.9271428571428573,1.0,-0.07285714285714273
Credit-G,10,XGBoost,F1,0.8034255409962967,0.8235294117647058,-0.020103870768409138
Credit-G,10,XGBoost,ROC_AUC,0.6168095238095239,0.5450595238095237,0.0717500000000002
Credit-G,10,LightGBM,Accuracy,0.6849999999999999,0.7,-0.015000000000000013
Credit-G,10,LightGBM,Precision,0.7123512287798002,0.7,0.012351228779800216
Credit-G,10,LightGBM,Recall,0.9271428571428573,1.0,-0.07285714285714273
Credit-G,10,LightGBM,F1,0.8034255409962967,0.8235294117647058,-0.020103870768409138
Credit-G,10,LightGBM,ROC_AUC,0.6168095238095239,0.5,0.11680952380952392
Credit-G,10,CatBoost,Accuracy,0.6849999999999999,0.681,0.0039999999999998925
Credit-G,10,CatBoost,Precision,0.7123512287798002,0.7179865886226164,-0.005635359842816268
Credit-G,10,CatBoost,Recall,0.9271428571428573,0.8971428571428571,0.030000000000000138
Credit-G,10,CatBoost,F1,0.8034255409962967,0.7970435415864103,0.006381999409886374
Credit-G,10,CatBoost,ROC_AUC,0.6168095238095239,0.6269285714285715,-0.010119047619047583
Credit-G,20,XGBoost,Accuracy,0.706,0.664,0.041999999999999926
Credit-G,20,XGBoost,Precision,0.7162407398650192,0.7288143232628096,-0.012573583397790355
Credit-G,20,XGBoost,Recall,0.9657142857142856,0.832857142857143,0.13285714285714267
Credit-G,20,XGBoost,F1,0.8213343925358444,0.7750259833414158,0.04630840919442858
Credit-G,20,XGBoost,ROC_AUC,0.6680952380952381,0.6120119047619048,0.05608333333333326
Credit-G,20,LightGBM,Accuracy,0.706,0.7,0.006000000000000005
Credit-G,20,LightGBM,Precision,0.7162407398650192,0.7,0.016240739865019282
Credit-G,20,LightGBM,Recall,0.9657142857142856,1.0,-0.034285714285714364
Credit-G,20,LightGBM,F1,0.8213343925358444,0.8235294117647058,-0.00219501922886145
Credit-G,20,LightGBM,ROC_AUC,0.6680952380952381,0.5,0.16809523809523808
Credit-G,20,CatBoost,Accuracy,0.706,0.7070000000000001,-0.001000000000000112
Credit-G,20,CatBoost,Precision,0.7162407398650192,0.7355750924787775,-0.019334352613758266
Credit-G,20,CatBoost,Recall,0.9657142857142856,0.9114285714285714,0.05428571428571427
Credit-G,20,CatBoost,F1,0.8213343925358444,0.8137586154330275,0.007575777102816872
Credit-G,20,CatBoost,ROC_AUC,0.6680952380952381,0.6813095238095238,-0.013214285714285734
Credit-G,35,XGBoost,Accuracy,0.698,0.667,0.030999999999999917
Credit-G,35,XGBoost,Precision,0.7186601222767588,0.7379916475308272,-0.01933152525406845
Credit-G,35,XGBoost,Recall,0.9385714285714286,0.8114285714285714,0.12714285714285722
Credit-G,35,XGBoost,F1,0.8126542996831063,0.772593362997334,0.040060936685772264
Credit-G,35,XGBoost,ROC_AUC,0.663,0.6287619047619047,0.03423809523809529
Credit-G,35,LightGBM,Accuracy,0.698,0.7,-0.0020000000000000018
Credit-G,35,LightGBM,Precision,0.7186601222767588,0.7,0.01866012227675884
Credit-G,35,LightGBM,Recall,0.9385714285714286,1.0,-0.06142857142857139
Credit-G,35,LightGBM,F1,0.8126542996831063,0.8235294117647058,-0.010875112081599525
Credit-G,35,LightGBM,ROC_AUC,0.663,0.5,0.16300000000000003
Credit-G,35,CatBoost,Accuracy,0.698,0.709,-0.01100000000000001
Credit-G,35,CatBoost,Precision,0.7186601222767588,0.7336534321212603,-0.014993309844501534
Credit-G,35,CatBoost,Recall,0.9385714285714286,0.9199999999999999,0.018571428571428683
Credit-G,35,CatBoost,F1,0.8126542996831063,0.8153556934779578,-0.002701393794851459
Credit-G,35,CatBoost,ROC_AUC,0.663,0.6855,-0.022499999999999964
Credit-G,50,XGBoost,Accuracy,0.6950000000000001,0.6799999999999999,0.015000000000000124
Credit-G,50,XGBoost,Precision,0.7398215354080617,0.7524880017527076,-0.012666466344645855
Credit-G,50,XGBoost,Recall,0.8742857142857143,0.8085714285714285,0.06571428571428584
Credit-G,50,XGBoost,F1,0.8002490405939037,0.7793948778537196,0.020854162740184035
Credit-G,50,XGBoost,ROC_AUC,0.6736428571428571,0.6554166666666668,0.01822619047619034
Credit-G,50,LightGBM,Accuracy,0.6950000000000001,0.6759999999999999,0.019000000000000128
Credit-G,50,LightGBM,Precision,0.7398215354080617,0.7318385960031529,0.007982939404908795
Credit-G,50,LightGBM,Recall,0.8742857142857143,0.8485714285714285,0.0257142857142858
Credit-G,50,LightGBM,F1,0.8002490405939037,0.7850791143906164,0.015169926203287276
Credit-G,50,LightGBM,ROC_AUC,0.6736428571428571,0.6135952380952381,0.060047619047619016
Credit-G,50,CatBoost,Accuracy,0.6950000000000001,0.7140000000000001,-0.019000000000000017
Credit-G,50,CatBoost,Precision,0.7398215354080617,0.7436917416512703,-0.0038702062432085516
Credit-G,50,CatBoost,Recall,0.8742857142857143,0.9028571428571428,-0.02857142857142847
Credit-G,50,CatBoost,F1,0.8002490405939037,0.8155561499436997,-0.015307109349796066
Credit-G,50,CatBoost,ROC_AUC,0.6736428571428571,0.6974523809523809,-0.023809523809523836
Credit-G,75,XGBoost,Accuracy,0.7070000000000001,0.696,0.01100000000000012
Credit-G,75,XGBoost,Precision,0.7436606322418415,0.7802079884639982,-0.03654735622215666
Credit-G,75,XGBoost,Recall,0.8957142857142857,0.79,0.10571428571428565
Credit-G,75,XGBoost,F1,0.810349937952725,0.7844291991782303,0.025920738774494745
Credit-G,75,XGBoost,ROC_AUC,0.714,0.6846190476190477,0.029380952380952285
Credit-G,75,LightGBM,Accuracy,0.7070000000000001,0.7,0.007000000000000117
Credit-G,75,LightGBM,Precision,0.7436606322418415,0.7711195475289003,-0.027458915287058794
Credit-G,75,LightGBM,Recall,0.8957142857142857,0.8142857142857143,0.0814285714285714
Credit-G,75,LightGBM,F1,0.810349937952725,0.7916184399793573,0.018731497973367706
Credit-G,75,LightGBM,ROC_AUC,0.714,0.6773452380952382,0.0366547619047618
Credit-G,75,CatBoost,Accuracy,0.7070000000000001,0.729,-0.02199999999999991
Credit-G,75,CatBoost,Precision,0.7436606322418415,0.7589758726833914,-0.01531524044154986
Credit-G,75,CatBoost,Recall,0.8957142857142857,0.8985714285714286,-0.0028571428571428914
Credit-G,75,CatBoost,F1,0.810349937952725,0.8225212589950873,-0.012171321042362293
Credit-G,75,CatBoost,ROC_AUC,0.714,0.7276904761904761,-0.013690476190476142
Credit-G,100,XGBoost,Accuracy,0.708,0.701,0.007000000000000006
Credit-G,100,XGBoost,Precision,0.7624576882899372,0.7738570026316298,-0.011399314341692612
Credit-G,100,XGBoost,Recall,0.8485714285714285,0.8099999999999999,0.03857142857142859
Credit-G,100,XGBoost,F1,0.8017640788479035,0.7911905486401717,0.010573530207731774
Credit-G,100,XGBoost,ROC_AUC,0.7247380952380953,0.6996904761904762,0.025047619047619096
Credit-G,100,LightGBM,Accuracy,0.708,0.701,0.007000000000000006
Credit-G,100,LightGBM,Precision,0.7624576882899372,0.7791060131860342,-0.016648324896097022
Credit-G,100,LightGBM,Recall,0.8485714285714285,0.8,0.04857142857142849
Credit-G,100,LightGBM,F1,0.8017640788479035,0.7889299858875574,0.0128340929603461
Credit-G,100,LightGBM,ROC_AUC,0.7247380952380953,0.6975952380952382,0.027142857142857135
Credit-G,100,CatBoost,Accuracy,0.708,0.723,-0.015000000000000013
Credit-G,100,CatBoost,Precision,0.7624576882899372,0.7538600939257458,0.008597594364191385
Credit-G,100,CatBoost,Recall,0.8485714285714285,0.8971428571428571,-0.0485714285714286
Credit-G,100,CatBoost,F1,0.8017640788479035,0.8192793176889748,-0.017515238841071312
Credit-G,100,CatBoost,ROC_AUC,0.7247380952380953,0.7342380952380952,-0.009499999999999953
Credit-G,150,XGBoost,Accuracy,0.708,0.6839999999999999,0.02400000000000002
Credit-G,150,XGBoost,Precision,0.7624384262382597,0.7704492322600245,-0.008010806021764738
Credit-G,150,XGBoost,Recall,0.8485714285714285,0.7814285714285714,0.06714285714285717
Credit-G,150,XGBoost,F1,0.8024508158933796,0.7755408135603581,0.026910002333021543
Credit-G,150,XGBoost,ROC_AUC,0.746904761904762,0.7021428571428572,0.04476190476190478
Credit-G,150,LightGBM,Accuracy,0.708,0.678,0.029999999999999916
Credit-G,150,LightGBM,Precision,0.7624384262382597,0.7735171307986612,-0.011078704560401498
Credit-G,150,LightGBM,Recall,0.8485714285714285,0.7657142857142857,0.08285714285714285
Credit-G,150,LightGBM,F1,0.8024508158933796,0.7685938436989208,0.03385697219445882
Credit-G,150,LightGBM,ROC_AUC,0.746904761904762,0.6922857142857143,0.05461904761904768
Credit-G,150,CatBoost,Accuracy,0.708,0.724,-0.016000000000000014
Credit-G,150,CatBoost,Precision,0.7624384262382597,0.7632628472675101,-0.0008244210292503995
Credit-G,150,CatBoost,Recall,0.8485714285714285,0.8814285714285715,-0.03285714285714292
Credit-G,150,CatBoost,F1,0.8024508158933796,0.8168612681151635,-0.014410452221783832
Credit-G,150,CatBoost,ROC_AUC,0.746904761904762,0.7463333333333333,0.0005714285714286671
Credit-G,250,XGBoost,Accuracy,0.723,0.72,0.0030000000000000027
Credit-G,250,XGBoost,Precision,0.7772513494578682,0.784501112714194,-0.007249763256325759
Credit-G,250,XGBoost,Recall,0.8471428571428572,0.8285714285714286,0.018571428571428572
Credit-G,250,XGBoost,F1,0.8104939984043048,0.8056288018527507,0.004865196551554152
Credit-G,250,XGBoost,ROC_AUC,0.7679285714285715,0.7208809523809524,0.047047619047619116
Credit-G,250,LightGBM,Accuracy,0.723,0.704,0.019000000000000017
Credit-G,250,LightGBM,Precision,0.7772513494578682,0.7770601213088358,0.00019122814903238528
Credit-G,250,LightGBM,Recall,0.8471428571428572,0.8099999999999999,0.037142857142857255
Credit-G,250,LightGBM,F1,0.8104939984043048,0.7930080655675913,0.017485932836713514
Credit-G,250,LightGBM,ROC_AUC,0.7679285714285715,0.7133809523809523,0.05454761904761918
Credit-G,250,CatBoost,Accuracy,0.723,0.744,-0.02100000000000002
Credit-G,250,CatBoost,Precision,0.7772513494578682,0.7717817678703645,0.005469581587503769
Credit-G,250,CatBoost,Recall,0.8471428571428572,0.9014285714285715,-0.05428571428571427
Credit-G,250,CatBoost,F1,0.8104939984043048,0.8313847796341325,-0.020890781229827682
Credit-G,250,CatBoost,ROC_AUC,0.7679285714285715,0.7682142857142857,-0.0002857142857142225
Credit-G,500,XGBoost,Accuracy,0.755,0.717,0.038000000000000034
Credit-G,500,XGBoost,Precision,0.8056892251478001,0.7843519953768217,0.021337229770978405
Credit-G,500,XGBoost,Recall,0.8571428571428571,0.8214285714285714,0.0357142857142857
Credit-G,500,XGBoost,F1,0.830469472851988,0.8023166188906583,0.028152853961329716
Credit-G,500,XGBoost,ROC_AUC,0.7850952380952381,0.7349761904761904,0.05011904761904762
Credit-G,500,LightGBM,Accuracy,0.755,0.715,0.040000000000000036
Credit-G,500,LightGBM,Precision,0.8056892251478001,0.7862238140979381,0.01946541104986199
Credit-G,500,LightGBM,Recall,0.8571428571428571,0.8142857142857143,0.042857142857142816
Credit-G,500,LightGBM,F1,0.830469472851988,0.799944208576006,0.03052526427598201
Credit-G,500,LightGBM,ROC_AUC,0.7850952380952381,0.7335238095238096,0.05157142857142849
Credit-G,500,CatBoost,Accuracy,0.755,0.739,0.016000000000000014
Credit-G,500,CatBoost,Precision,0.8056892251478001,0.7781368445275493,0.027552380620250783
Credit-G,500,CatBoost,Recall,0.8571428571428571,0.8771428571428572,-0.02000000000000013
Credit-G,500,CatBoost,F1,0.830469472851988,0.8245795532659909,0.005889919585997161
Credit-G,500,CatBoost,ROC_AUC,0.7850952380952381,0.7714047619047619,0.013690476190476142
Credit-G,750,XGBoost,Accuracy,0.76,0.746,0.014000000000000012
Credit-G,750,XGBoost,Precision,0.8117925613714057,0.8080123598735269,0.0037802014978787213
Credit-G,750,XGBoost,Recall,0.8557142857142856,0.8357142857142857,0.019999999999999907
Credit-G,750,XGBoost,F1,0.8330812646546304,0.8215931812984811,0.011488083356149259
Credit-G,750,XGBoost,ROC_AUC,0.7856904761904763,0.7589285714285714,0.026761904761904876
Credit-G,750,LightGBM,Accuracy,0.76,0.766,-0.006000000000000005
Credit-G,750,LightGBM,Precision,0.8117925613714057,0.8130480446537967,-0.0012554832823910012
Credit-G,750,LightGBM,Recall,0.8557142857142856,0.8642857142857142,-0.008571428571428563
Credit-G,750,LightGBM,F1,0.8330812646546304,0.8378187786363682,-0.004737513981737829
Credit-G,750,LightGBM,ROC_AUC,0.7856904761904763,0.7698809523809522,0.01580952380952405
Credit-G,750,CatBoost,Accuracy,0.76,0.742,0.018000000000000016
Credit-G,750,CatBoost,Precision,0.8117925613714057,0.784749762485534,0.02704279888587169
Credit-G,750,CatBoost,Recall,0.8557142857142856,0.8699999999999999,-0.014285714285714235
Credit-G,750,CatBoost,F1,0.8330812646546304,0.8251638656752325,0.007917398979397916
Credit-G,750,CatBoost,ROC_AUC,0.7856904761904763,0.7743095238095238,0.011380952380952492
